,0,1,2
0,^ http://ww.thewomensfund.com/giving-and-investing/become-a-donor/give-to-a-fund/matthew-anne-gamble-kennedy-designated-fund-for-fisk-university/[dead link],0000,https://en.wikipedia.org/wiki/Nina_Gamble_Kennedy
1,"^ a b c d Gray, Lisa",2018,https://en.wikipedia.org/wiki/Carroll_Parrott_Blue
2,9 Rides,2016,https://en.wikipedia.org/wiki/Matthew_A._Cherry
3,Mr. Nice,2014,https://en.wikipedia.org/wiki/Charles_Lane_(filmmaker)
4,Field Niggas,2015,https://en.wikipedia.org/wiki/Khalik_Allah
5,Frank's Place,1987,https://en.wikipedia.org/wiki/Kevin_Rodney_Sullivan
6,"^ ""Five Ways Denzel Can Achieve His EGOT Dream"". Time. June 14, 2010. Retrieved August 14, 2011.",2010,https://en.wikipedia.org/wiki/Denzel_Washington
7,"^ Rainey, James",2016,https://en.wikipedia.org/wiki/Solomon_Sir_Jones
8,Faster,2010,https://en.wikipedia.org/wiki/George_Tillman_Jr.
9,The Devil's Daughter,1991,https://en.wikipedia.org/wiki/Vaginal_Davis
10,Anastasia,1997,https://en.wikipedia.org/wiki/Billy_Porter_(actor)
11,All God's Children,1996,https://en.wikipedia.org/wiki/Sylvia_Rhue
12,Black Swan Theory,2011,https://en.wikipedia.org/wiki/Nikyatu_Jusu
13,"^ a b ""Productions — 2003-2004: Who's Who"". New Perspectives Theatre. Retrieved 2008-09-28.",2003,https://en.wikipedia.org/wiki/Ted_Lange
14,"^ ""Breaking down the color barrier. Producer Topper Carew uses TV to help shape values"". The Christian Science Monitor. 2 February 1988.",1988,https://en.wikipedia.org/wiki/Topper_Carew
15,"^ ""As Robert Townsend Sees It : He's Fighting Stereotypes With 'Meteor Man' and New TV Show"". Los Angeles Times. Retrieved 2010-10-10.",2010,https://en.wikipedia.org/wiki/Robert_Townsend_(actor)
16,"^ ""Ted Lange Biography"". TV Guide. Retrieved 2008-09-28.",2008,https://en.wikipedia.org/wiki/Ted_Lange
17,Fires in the Mirror,1993,https://en.wikipedia.org/wiki/George_C._Wolfe
18,Boot,2006,https://en.wikipedia.org/wiki/M._Asli_Dukan
19,The Kinsey 3,1998,https://en.wikipedia.org/wiki/Angela_Robinson_(filmmaker)
20,Hidden Colors 2,2012,https://en.wikipedia.org/wiki/Tariq_Nasheed
21,The Concerto,2014,https://en.wikipedia.org/wiki/Greg_Carter_(filmmaker)
22,Charlie Hustle: Blueprint of a Self-Made Millionaire,1999,https://en.wikipedia.org/wiki/Leslie_Small
23,The Facts of Life,1983,https://en.wikipedia.org/wiki/Kevin_Rodney_Sullivan
24,Hard World for Small Things,2016,https://en.wikipedia.org/wiki/Janicza_Bravo
25,Sister Act 2: Back in the Habit,1993,https://en.wikipedia.org/wiki/Terri_J._Vaughn
26,BET Honors,2009,https://en.wikipedia.org/wiki/Chris_Robinson_(director)
27,Peep World,2010,https://en.wikipedia.org/wiki/Deborah_Pratt
28,Dancing in September,2000,https://en.wikipedia.org/wiki/Reggie_Rock_Bythewood
29,Madea's Family Reunion,2006,https://en.wikipedia.org/wiki/Tyler_Perry
30,Don't Be a Menace,1996,https://en.wikipedia.org/wiki/Terri_J._Vaughn
31,Zora Is My Name!,0000,https://en.wikipedia.org/wiki/Neema_Barnette
32,The Dance Lesson,2010,https://en.wikipedia.org/wiki/Chinonye_Chukwu
33,Us,2019,https://en.wikipedia.org/wiki/Jordan_Peele
34,African American cinema,0000,https://en.wikipedia.org/wiki/Horace_Jackson_(filmmaker)
35,The Devil Wears Prada,2006,https://en.wikipedia.org/wiki/George_C._Wolfe
36,"^ ""Sean Weathers' filmography"". IMDb. Retrieved July 6, 2015.",2015,https://en.wikipedia.org/wiki/Sean_Weathers
37,The White Girl,1990,https://en.wikipedia.org/wiki/Troy_Byer
38,You've Got to Walk It Like You Talk It or You'll Lose That Beat,1971,https://en.wikipedia.org/wiki/Richard_Pryor
39,Carter High,2015,https://en.wikipedia.org/wiki/Tricia_Woodgett
40,The Old Guard 2,2023,https://en.wikipedia.org/wiki/Victoria_Mahoney
41,In Treatment,0000,https://en.wikipedia.org/wiki/Paris_Barclay
42,Access Granted,2006,https://en.wikipedia.org/wiki/Chris_Robinson_(director)
43,Monogamish,2017,https://en.wikipedia.org/wiki/Adam_Davenport
44,Train,2010,https://en.wikipedia.org/wiki/Nikyatu_Jusu
45,Searching,2013,https://en.wikipedia.org/wiki/Victoria_Mahoney
46,Upscale with Prentice Penny,2017,https://en.wikipedia.org/wiki/Prentice_Penny
47,Sidney Poitier: One Bright Light,2000,https://en.wikipedia.org/wiki/Sidney_Poitier
48,"In 2007–2009, he produced 3 episodes of The First 48, a crime documentary series on A&E.",2007,https://en.wikipedia.org/wiki/Damon_Russell
49,Take It From Me,2001,https://en.wikipedia.org/wiki/Yoruba_Richen
50,Rain'',1978,https://en.wikipedia.org/wiki/Melvonna_Ballenger
51,The Mating Habits of the Earthbound Human,1999,https://en.wikipedia.org/wiki/Markus_Redmond
52,A Wrinkle in Time,2018,https://en.wikipedia.org/wiki/Ava_DuVernay
53,The Busy Body,1967,https://en.wikipedia.org/wiki/Richard_Pryor
54,Standing at the Scratch Line,2016,https://en.wikipedia.org/wiki/Julie_Dash
55,"Barack & Curtis: Manhood, Power, & Respect",0000,https://en.wikipedia.org/wiki/Byron_Hurt
56,The Happy Sad,2013,https://en.wikipedia.org/wiki/Rodney_Evans_(filmmaker)
57,When the Game Stands Tall,2014,https://en.wikipedia.org/wiki/Thomas_Carter_(director)
58,Get Out,2017,https://en.wikipedia.org/wiki/Jordan_Peele
59,Why Stop Now,2012,https://en.wikipedia.org/wiki/Tanya_Wright
60,Do the Right Thing,1989,https://en.wikipedia.org/wiki/Spike_Lee
61,761st,2007,https://en.wikipedia.org/wiki/Pete_Chatmon
62,Will,1981,https://en.wikipedia.org/wiki/Jessie_Maple
63,Autrefois J'ai aime une femme,1966,https://en.wikipedia.org/wiki/Edward_Owens_(filmmaker)
64,Deliver Us From Evil,1976,https://en.wikipedia.org/wiki/Horace_Jackson_(filmmaker)
65,Reflections,2007,https://en.wikipedia.org/wiki/Reggie_Rock_Bythewood
66,"^ ""The Provocateur Behind Beyonce Rihanna and Issa Rae"". The New Yorker. Archived from the original on July 12, 2011. Retrieved May 14, 2010.{{cite magazine}}:  CS1 maint: bot: original URL status unknown",2011,https://en.wikipedia.org/wiki/Melina_Matsoukas
67,"In 2007 Russell produced three episodes of Flip This House, an A&E reality series.",2007,https://en.wikipedia.org/wiki/Damon_Russell
68,Canta for Our Sisters,1987,https://en.wikipedia.org/wiki/Zeinabu_irene_Davis
69,Sacrifice,2021,https://en.wikipedia.org/wiki/Crystle_Roberson
70,Kiss It Up to God,2000,https://en.wikipedia.org/wiki/Seith_Mann
71,LaZercism,2017,https://en.wikipedia.org/wiki/Shaka_King
72,Teamwork,1944,https://en.wikipedia.org/wiki/Carlton_Moss
73,The Firing Squad,1999,https://en.wikipedia.org/wiki/Tim_Story
74,Split Screen,1997,https://en.wikipedia.org/wiki/Yvonne_Welbon
75,Teenage Mutant Ninja Turtles II: The Secret of the Ooze,1991,https://en.wikipedia.org/wiki/Michael_Jai_White
76,Brother to Brother,2004,https://en.wikipedia.org/wiki/Rodney_Evans_(filmmaker)
77,That's My Mama,1974,https://en.wikipedia.org/wiki/Tim_Reid
78,Star,2017–2019,https://en.wikipedia.org/wiki/Bille_Woodruff
79,The Cool World,1964,https://en.wikipedia.org/wiki/Madeline_Anderson
80,Reasonable Doubt,2022,https://en.wikipedia.org/wiki/Julie_Dash
81,King Arthur,2004,https://en.wikipedia.org/wiki/Antoine_Fuqua
82,"^ ""Forest Whitaker"". IMDb.",0000,https://en.wikipedia.org/wiki/Forest_Whitaker
83,Father's Moment of Truth,2013,https://en.wikipedia.org/wiki/Antonio_D._James
84,Rooftops,1989,https://en.wikipedia.org/wiki/Troy_Byer
85,Apple Crumb Panic,1993,https://en.wikipedia.org/wiki/Tim_Wilson_(filmmaker)
86,Soul Food Junkies,0000,https://en.wikipedia.org/wiki/Byron_Hurt
87,Re-Birth of a Nation,1916,https://en.wikipedia.org/wiki/Peter_P._Jones
88,SilverHawks (TV Series),1986,https://en.wikipedia.org/wiki/Bruce_W._Smith
89,Private Imaginings and Narrative Facts,1968,https://en.wikipedia.org/wiki/Edward_Owens_(filmmaker)
90,Fragrance,1991,https://en.wikipedia.org/wiki/Melvonna_Ballenger
91,Running the Campaign for City Council,2002,https://en.wikipedia.org/wiki/Stanley_Nelson_Jr.
92,Amber Lake,2011,https://en.wikipedia.org/wiki/Joe_Robert_Cole
93,C.S.A.: The Confederate States of America,2004,https://en.wikipedia.org/wiki/Kevin_Willmott
94,The Caveman's Valentine,2001,https://en.wikipedia.org/wiki/Kasi_Lemmons
95,Fig,2011,https://en.wikipedia.org/wiki/Ryan_Coogler
96,Resting Place,1986,https://en.wikipedia.org/wiki/Richard_Brooks_(actor)
97,tender,2020,https://en.wikipedia.org/wiki/Felicia_Pride
98,Madigan,1968,https://en.wikipedia.org/wiki/Raymond_St._Jacques
99,Afro-Punk[29],2003,https://en.wikipedia.org/wiki/James_Spooner
100,Empire,2002,https://en.wikipedia.org/wiki/Franc_Reyes_(film_director)
101,The Torry Brothers: A Family Affair,2004,https://en.wikipedia.org/wiki/Leslie_Small
102,Shadowhunters,2017,https://en.wikipedia.org/wiki/Bille_Woodruff
103,Hit the Floor,2016–2018,https://en.wikipedia.org/wiki/Bille_Woodruff
104,"Remembering Wei-Yi Fang, Remembering Myself",1996,https://en.wikipedia.org/wiki/Yvonne_Welbon
105,"How to Become a Union Camerawoman: Film-Videotape, New York, L. J. Film Productions, 1977[5]",1977,https://en.wikipedia.org/wiki/Jessie_Maple
106,Spies of Mississippi,2014,https://en.wikipedia.org/wiki/Dawn_Porter_(filmmaker)
107,Trapped,2016,https://en.wikipedia.org/wiki/Dawn_Porter_(filmmaker)
108,Thick as Thieves,1999,https://en.wikipedia.org/wiki/Scott_Sanders_(director)
109,Men of Honor,2000,https://en.wikipedia.org/wiki/George_Tillman_Jr.
110,Pushing Through,2013,https://en.wikipedia.org/wiki/Antonio_D._James
111,"^ Hoosiers in Hollywood, David Lee Smith - Indiana Historical Society, 2006 - Page 300",2006,https://en.wikipedia.org/wiki/Ivan_Rogers_(actor)
112,Crocodile Conspiracy,1986,https://en.wikipedia.org/wiki/Zeinabu_irene_Davis
113,Chain Letter,2010,https://en.wikipedia.org/wiki/Deon_Taylor
114,A Different Image,1982,https://en.wikipedia.org/wiki/Alile_Sharon_Larkin
115,The Rockford Files,1974,https://en.wikipedia.org/wiki/Michael_Schultz
116,The First World Festival of Negro Arts,1966,https://en.wikipedia.org/wiki/William_Greaves
117,"^ Halle Berry, Denzel Washington get historic wins at Oscars. April 8, 2002. Jet.",2002,https://en.wikipedia.org/wiki/Denzel_Washington
118,Be Cool,2005,https://en.wikipedia.org/wiki/F._Gary_Gray
119,Riot,1996,https://en.wikipedia.org/wiki/Joseph_V%C3%A1squez
120,David E. Talbert at IMDb,0000,https://en.wikipedia.org/wiki/David_E._Talbert
121,Jeffrey W. Byrd at IMDb,0000,https://en.wikipedia.org/wiki/Jeffrey_W._Byrd
122,"^ ""Sean Weathers"". Channel Awesome. Retrieved October 12, 2015.",2015,https://en.wikipedia.org/wiki/Sean_Weathers
123,Metro,1997,https://en.wikipedia.org/wiki/Thomas_Carter_(director)
124,Man-Eater,2014,https://en.wikipedia.org/wiki/Darren_Grant
125,"The First Novel, Writer, Director, Producer 1991 Short",1991,https://en.wikipedia.org/wiki/Leslie_Harris_(director)
126,Gotham Independent Film Awards,2020,https://en.wikipedia.org/wiki/Channing_Godfrey_Peoples
127,ER,1998,https://en.wikipedia.org/wiki/Jo_D._Jonz
128,73  Short),2008,https://en.wikipedia.org/wiki/M._Asli_Dukan
129,BlacKkKlansman,2018,https://en.wikipedia.org/wiki/Jordan_Peele
130,Mo' Better Blues,1990,https://en.wikipedia.org/wiki/Spike_Lee
131,My Women: Inst Msgs,2009,https://en.wikipedia.org/wiki/Justin_Simien
132,Brooklyn Nine-Nine,2013-2015,https://en.wikipedia.org/wiki/Prentice_Penny
133,"^ a b ""Ted Lange Biography",1947,https://en.wikipedia.org/wiki/Ted_Lange
134,Feathers,2018,https://en.wikipedia.org/wiki/A.V._Rockwell
135,Three Kings,1999,https://en.wikipedia.org/wiki/John_Ridley
136,"^ Hurtado, J",2010,https://en.wikipedia.org/wiki/Chester_Novell_Turner
137,"Nominated, Bingham Ray Breakthrough Director Award",2017,https://en.wikipedia.org/wiki/Maggie_Betts
138,"^ ""The Tennessean from Nashville, Tennessee on June 19, 1974 · Page 47"". 19 June 1974.",1974,https://en.wikipedia.org/wiki/Nina_Gamble_Kennedy
139,Santa Paul Robeson[1],c. 1951,https://en.wikipedia.org/wiki/Hortense_%22Tee%22_Beveridge
140,Under the Cherry Moon,1986,https://en.wikipedia.org/wiki/Prince_(musician)
141,"^ a b c d ""In general, he rules."" The Boston Globe. October 1, 2006. 2022 starred alongside Jude Law in the Netflix Movie Repo Men.",2006,https://en.wikipedia.org/wiki/Forest_Whitaker
142,Coming Out Under Fire,1994,https://en.wikipedia.org/wiki/Sylvia_Rhue
143,The Joe Louis Story,1953,https://en.wikipedia.org/wiki/Ossie_Davis
144,"Slave Ship, LeRoi Jones playwright",1970,https://en.wikipedia.org/wiki/Seret_Scott
145,Battle at Bloody Beach,1961,https://en.wikipedia.org/wiki/Ivan_Dixon
146,Dreadlocks and the Three Bears,1991,https://en.wikipedia.org/wiki/Melvonna_Ballenger
147,"Whiteness, Retrofuturism, Omega Man",1998 Split,https://en.wikipedia.org/wiki/Leah_Gilliam
148,Vicky Cristina Barcelona,2008,https://en.wikipedia.org/wiki/Rebecca_Hall
149,Talk to Me,2007,https://en.wikipedia.org/wiki/Kasi_Lemmons
150,The Bushtrackers,1980,https://en.wikipedia.org/wiki/Gordon_Parks_Jr.
151,Get on the Bus,1996,https://en.wikipedia.org/wiki/Reggie_Rock_Bythewood
152,"In 2014, Russell produced the feature-length film Before I Disappear, which was based on Curfew.",2014,https://en.wikipedia.org/wiki/Damon_Russell
153,Hope,2003,https://en.wikipedia.org/wiki/Morocco_Omari
154,"Exceptional Women of Color Hair Salon,  Writer, Director, Producer 1990 Commercial",1990,https://en.wikipedia.org/wiki/Leslie_Harris_(director)
155,Tara,2001,https://en.wikipedia.org/wiki/Leslie_Small
156,Prize of the Ecumenical Jury of Christian Churches at the Berlin International Film Festival,0000,https://en.wikipedia.org/wiki/Thomas_Allen_Harris
157,Special Jury Award for Breakthrough Director,2017,https://en.wikipedia.org/wiki/Maggie_Betts
158,"^ ""The New York Public Library for the Performing Arts Acquires Michael Holman Archive, First Hip-Hop Collection in its Holdings"". The New York Public Library. Retrieved 2022-01-07.",2022,https://en.wikipedia.org/wiki/Michael_Holman_(filmmaker)
159,"^ ""From Beyoncé to the big screen: the whirlwind rise of Melina Matsoukas"". The Economist. November 13, 2019.",2019,https://en.wikipedia.org/wiki/Melina_Matsoukas
160,"^ Ltd, Earl G. Graves",1980,https://en.wikipedia.org/wiki/Topper_Carew
161,The Melony Armstrong Story,2021,https://en.wikipedia.org/wiki/Dianne_Houston
162,Brother to Brother,2004,https://en.wikipedia.org/wiki/Yoruba_Richen
163,"^ Short, Shawn. ""Shawn Short - Dance Meets Photography"". LensCulture.",0000,https://en.wikipedia.org/wiki/Shawn_Short
164,Run for the Dream: The Gail Devers Story,0000,https://en.wikipedia.org/wiki/Neema_Barnette
165,Deep In My Heart[2],0000,https://en.wikipedia.org/wiki/Anita_W._Addison
166,Weekend at Bernie's II,1993,https://en.wikipedia.org/wiki/Troy_Byer
167,M.O.M.M,2011,https://en.wikipedia.org/wiki/M._Asli_Dukan
168,"^ a b c ""Carroll Parrott Blue"". L.A. Rebellion.",0000,https://en.wikipedia.org/wiki/Carroll_Parrott_Blue
169,Graffiti Rock,1984,https://en.wikipedia.org/wiki/Michael_Holman_(filmmaker)
170,Queen Sugar,2017,https://en.wikipedia.org/wiki/Garrett_Bradley_(filmmaker)
171,Smoke and Weather,1958,https://en.wikipedia.org/wiki/William_Greaves
172,Showgirls,1995,https://en.wikipedia.org/wiki/Kevin_Grevioux
173,"^ a b c ""Primetime Emmy Awards and Nominations: Melina Matsoukas"". Primetime Emmy Award. Retrieved May 2, 2022.",2022,https://en.wikipedia.org/wiki/Melina_Matsoukas
174,Buy & Cell,1987,https://en.wikipedia.org/wiki/Geretta_Geretta
175,Me Broni Ba,2009,https://en.wikipedia.org/wiki/Akosua_Adoma_Owusu
176,Colored America on Parade,0000,https://en.wikipedia.org/wiki/Edward_Lewis_(filmmaker)
177,The Twilight Zone,1960,https://en.wikipedia.org/wiki/Ivan_Dixon
178,"^ ""Sean Weathers"". Indie Horror Films. May 15, 2012. Retrieved October 12, 2015.",2012,https://en.wikipedia.org/wiki/Sean_Weathers
179,Mystery Train,1989,https://en.wikipedia.org/wiki/Vondie_Curtis-Hall
180,Strongmen,2011,https://en.wikipedia.org/wiki/Omar_Regan
181,Selma,2014,https://en.wikipedia.org/wiki/Ava_DuVernay
182,Dancing in September,2000,https://en.wikipedia.org/wiki/Aisha_Tyler
183,The Troubles of Sambo and Dinah[2],0000,https://en.wikipedia.org/wiki/Peter_P._Jones
184,True Identity,1991,https://en.wikipedia.org/wiki/Charles_Lane_(filmmaker)
185,Meet the Blacks,2016,https://en.wikipedia.org/wiki/Deon_Taylor
186,Living Between Two Worlds,1963,https://en.wikipedia.org/wiki/Horace_Jackson_(filmmaker)
187,I'm Gonna Git You Sucka,1988,https://en.wikipedia.org/wiki/Roy_Fegan
188,The New Black,2013,https://en.wikipedia.org/wiki/Yoruba_Richen
189,"""So What the Fuss""",2006 - MVPA Awards - R&B Video of the Year - Stevie Wonder,https://en.wikipedia.org/wiki/Paul_Hunter_(director)
190,Boomerang,1992,https://en.wikipedia.org/wiki/Halle_Berry
191,Medicine for Melancholy,2008,https://en.wikipedia.org/wiki/Barry_Jenkins
192,Lifetime Achievement Award from the Association for independent Video and Filmmaker,0000,https://en.wikipedia.org/wiki/Bill_Miles
193,The Eugenist,2013,https://en.wikipedia.org/wiki/Tariq_Nasheed
194,You So Crazy,1994,https://en.wikipedia.org/wiki/Martin_Lawrence
195,Drumline,2002,https://en.wikipedia.org/wiki/Charles_Stone_III
196,The KKK Boutique Ain’t Just Rednecks – Director,1994,https://en.wikipedia.org/wiki/Camille_Billops
197,..But Then She's Betty Carter,1980,https://en.wikipedia.org/wiki/Michelle_Parkerson
198,Neighbors 2: Sorority Rising,2016,https://en.wikipedia.org/wiki/Jerrod_Carmichael
199,A Raisin in the Sun,1961,https://en.wikipedia.org/wiki/Ivan_Dixon
200,Integration Report One,1960,https://en.wikipedia.org/wiki/Madeline_Anderson
201,Neighbors,2014,https://en.wikipedia.org/wiki/Jerrod_Carmichael
202,Nappy-Headed Lady,1983,https://en.wikipedia.org/wiki/Melvonna_Ballenger
203,Three Pickup Men for Herrick,1957,https://en.wikipedia.org/wiki/Melvin_Van_Peebles
204,Pushed Below,2016,https://en.wikipedia.org/wiki/Antonio_D._James
205,The Silence of the Lambs,1991,https://en.wikipedia.org/wiki/Ben_Ramsey_(filmmaker)
206,Never Forget 1994 Documentary Short,1994,https://en.wikipedia.org/wiki/Leslie_Harris_(director)
207,Starsky and Hutch,1975,https://en.wikipedia.org/wiki/Michael_Schultz
208,"In search of Black Female Sexuality in America; with interviews with Nzingha Stewart, Dr. Hilda Hutcherson, Dr. Lliala Afrika, Little X, Professor Trisha Rose, Punany Poets, Rev. Jeremiah Wright. In this film she explores past and present sexual myths about Black women.[7] Segments of the film were shown on VH1's “Can’t Get a Date”, in 2006.[8]",2004 - Silence,https://en.wikipedia.org/wiki/Mya_Baker
209,"^ Black Art Story, Blackartstory org",2020,https://en.wikipedia.org/wiki/Michael_Holman_(filmmaker)
210,Rosewood,1997,https://en.wikipedia.org/wiki/John_Singleton
211,Dead Tone,2007,https://en.wikipedia.org/wiki/Deon_Taylor
212,"""Destiny""",2010 - London International Advertising Awards - Bronze Television/Cinema/ Digital/Web/Mobile - Axe,https://en.wikipedia.org/wiki/Paul_Hunter_(director)
213,Motherland,2010,https://en.wikipedia.org/wiki/M._K._Asante
214,Lou Grant,1977,https://en.wikipedia.org/wiki/Tim_Reid
215,"^ ""Carmen: A Hip Hopera"", Wikipedia, 2019-08-09, retrieved 2019-09-17",2019,https://en.wikipedia.org/wiki/Robert_Townsend_(actor)
216,Dysfunctional Friends,2012,https://en.wikipedia.org/wiki/Greg_Carter_(filmmaker)
217,Poetic Justice,1993,https://en.wikipedia.org/wiki/Regina_King
218,Shock Treatment,1964,https://en.wikipedia.org/wiki/Ossie_Davis
219,Dorian Gray,2009,https://en.wikipedia.org/wiki/Rebecca_Hall
220,All Day and a Night,2020,https://en.wikipedia.org/wiki/Joe_Robert_Cole
221,Clockers,1995,https://en.wikipedia.org/wiki/M._E._Holland
222,The Replacement Killers,1998,https://en.wikipedia.org/wiki/Antoine_Fuqua
223,The Horse,1973,https://en.wikipedia.org/wiki/Charles_Burnett_(director)
224,No Lye: An American Beauty Story,2019,https://en.wikipedia.org/wiki/Bayer_Mack
225,Green Lantern: Beware My Power,2022,https://en.wikipedia.org/wiki/John_Semper
226,"Bessie Colman A Dream to Fly, Writer Director, Producer 1994 Short Film",1994,https://en.wikipedia.org/wiki/Leslie_Harris_(director)
227,I & I: An African Allegory,1979,https://en.wikipedia.org/wiki/Ben_Caldwell_(filmmaker)
228,Daddy's Little Girls,2007,https://en.wikipedia.org/wiki/Tyler_Perry
229,Bad Hair,2020,https://en.wikipedia.org/wiki/Justin_Simien
230,"^ ""Denzel Washington Biography",1954,https://en.wikipedia.org/wiki/Denzel_Washington
231,"Dr. Black, Mr. Hyde",1976,https://en.wikipedia.org/wiki/William_Crain_(filmmaker)
232,"^ ""Denzel Washington, Simone Biles to Receive Presidential Medals of Freedom"". The Hollywood Reporter. Associated Press. July 1, 2022. Retrieved July 1, 2022.",2022,https://en.wikipedia.org/wiki/Denzel_Washington
233,Free's Freedom,2014,https://en.wikipedia.org/wiki/Antonio_D._James
234,Car Wash,1976,https://en.wikipedia.org/wiki/Bill_Duke
235,Bobby Kennedy for President,2018,https://en.wikipedia.org/wiki/Dawn_Porter_(filmmaker)
236,Putting It Straight,1957,https://en.wikipedia.org/wiki/William_Greaves
237,Broken Dreams,2011,https://en.wikipedia.org/wiki/Fathia_Absie
238,"I, Vaginal",1988,https://en.wikipedia.org/wiki/Vaginal_Davis
239,"^ Hindes, Andrew",1996,https://en.wikipedia.org/wiki/Kim_Bass
240,One Good Cop,1991,https://en.wikipedia.org/wiki/Vondie_Curtis-Hall
241,"^ Foundas, Scott",2002,https://en.wikipedia.org/wiki/Jeffrey_W._Byrd
242,NCIS: Los Angeles,2016,https://en.wikipedia.org/wiki/Benny_Boom
243,Best Documentary at the Santa Cruz Film Festival,0000,https://en.wikipedia.org/wiki/Thomas_Allen_Harris
244,"Played drums for two songs on the 2017 album Drunk, by Thundercat. ""Jethro"" & ""Where I'm Going""",2017,https://en.wikipedia.org/wiki/Deantoni_Parks
245,We the People  2021) (Segment:,tive,https://en.wikipedia.org/wiki/Peter_Ramsey
246,Shooter,2007,https://en.wikipedia.org/wiki/Antoine_Fuqua
247,Super Fly,1972,https://en.wikipedia.org/wiki/Gordon_Parks_Jr.
248,Nothing as It Seems,2016,https://en.wikipedia.org/wiki/William_Crain_(filmmaker)
249,Baretta,1975,https://en.wikipedia.org/wiki/Michael_Schultz
250,"2019- NAACP Image Award Nominee, Shut Up and Dribble  Showtime/Spri",hill,https://en.wikipedia.org/wiki/Alex_Stapleton
251,Best Documentary at the Atlanta Film Festival,0000,https://en.wikipedia.org/wiki/Thomas_Allen_Harris
252,First Time Felon,1997,https://en.wikipedia.org/wiki/Jo_D._Jonz
253,"^ a b Hughes, Casper",2019,https://en.wikipedia.org/wiki/Boots_Riley
254,"^ a b ""Shawn Short"". April 2, 2018.",2018,https://en.wikipedia.org/wiki/Shawn_Short
255,Paula (Short film),1992,https://en.wikipedia.org/wiki/George_Tillman_Jr.
256,Harriet,2019,https://en.wikipedia.org/wiki/Kasi_Lemmons
257,"^ Okeowo, Alexis",2017,https://en.wikipedia.org/wiki/Melina_Matsoukas
258,A Little Off Mark,1986,https://en.wikipedia.org/wiki/Lee_Daniels
259,The Three Muscatels,1991,https://en.wikipedia.org/wiki/Roy_Fegan
260,3 Chains o' Gold,1994,https://en.wikipedia.org/wiki/Prince_(musician)
261,If Beale Street Could Talk,2018,https://en.wikipedia.org/wiki/Barry_Jenkins
262,Good Times,1975–1976,https://en.wikipedia.org/wiki/Carl_Franklin
263,The Inkwell,1994,https://en.wikipedia.org/wiki/Markus_Redmond
264,Chickula: Teenage Vampire,1995,https://en.wikipedia.org/wiki/Angela_Robinson_(filmmaker)
265,We Own This City,2022,https://en.wikipedia.org/wiki/Reinaldo_Marcus_Green
266,Hollywood Shuffle,1987,https://en.wikipedia.org/wiki/Damon_Wayans
267,Eat,2011,https://en.wikipedia.org/wiki/Janicza_Bravo
268,ThunderCats (TV Series),1985,https://en.wikipedia.org/wiki/Bruce_W._Smith
269,Reflections,2007,https://en.wikipedia.org/wiki/Gina_Prince-Bythewood
270,Long Train Running: A History of the Oakland Blues,1981,https://en.wikipedia.org/wiki/Marlon_Riggs
271,Night Shift,1982,https://en.wikipedia.org/wiki/Kevin_Rodney_Sullivan
272,Dust,2013,https://en.wikipedia.org/wiki/Chinonye_Chukwu
273,Knots Landing,1991,https://en.wikipedia.org/wiki/Anita_W._Addison
274,Crossroads,1986,https://en.wikipedia.org/wiki/Tim_Russ
275,That's Black Entertainment: Westerns,2002,https://en.wikipedia.org/wiki/Pearl_Bowser
276,Easy Street,0000,https://en.wikipedia.org/wiki/Henry_Hampton
277,Spider-Man: Into the Spider-Verse  2018) (co-director with Bob Persichetti and,dney,https://en.wikipedia.org/wiki/Peter_Ramsey
278,Bird,1988,https://en.wikipedia.org/wiki/Tim_Russ
279,"^ a b ""Project One Films."" What a Difference: Women and Film in the 1970s and 1980s | UCLA Film & Television Archive. Accessed November 15, 2018. https://www.cinema.ucla.edu/la-rebellion/project-one-films.",1970,https://en.wikipedia.org/wiki/Barbara_McCullough
280,"^ Arnold, Eric K.",2006,https://en.wikipedia.org/wiki/Boots_Riley
281,Chloe X Halle,2021,https://en.wikipedia.org/wiki/Julie_Dash
282,Long Slow Exhale - 2022,2022,https://en.wikipedia.org/wiki/Crystle_Roberson
283,The Turbo Charged Prelude for 2 Fast 2 Furious,2003,https://en.wikipedia.org/wiki/Philip_Atwell
284,Top Boy,2019,https://en.wikipedia.org/wiki/Reinaldo_Marcus_Green
285,Label: Atlantic,0000,https://en.wikipedia.org/wiki/Chris_Rock
286,The Meddler,2015,https://en.wikipedia.org/wiki/Jerrod_Carmichael
287,The Best Man,1999,https://en.wikipedia.org/wiki/Malcolm_D._Lee
288,John Semper official site,0000,https://en.wikipedia.org/wiki/John_Semper
289,Antonyms of Beauty,2013,https://en.wikipedia.org/wiki/Khalik_Allah
290,I Will Follow,2010,https://en.wikipedia.org/wiki/Ava_DuVernay
291,Angry Black Women,2016,https://en.wikipedia.org/wiki/Dah%C3%A9li_Hall
292,How to Kill Your Neighbor's Dog,2000,https://en.wikipedia.org/wiki/Markus_Redmond
293,"^ ""Preview: Taylor Ri'chard leaves the corporate world to chase his dream of ""The Final Project"""". ArtsATL. 2016-02-12. Retrieved 2016-03-29.",2016,https://en.wikipedia.org/wiki/Taylor_Ri%27chard
294,Supremacy,2014,https://en.wikipedia.org/wiki/Deon_Taylor
295,Power Book II: Ghost,2020,https://en.wikipedia.org/wiki/Anthony_Hemingway
296,Talkin' Dirty After Dark,1991,https://en.wikipedia.org/wiki/Martin_Lawrence
297,Five Deep Breaths,2003,https://en.wikipedia.org/wiki/Seith_Mann
298,"^ a b Fraser, C. Gerald",1979,https://en.wikipedia.org/wiki/Gordon_Parks_Jr.
299,Serving Sara,2002,https://en.wikipedia.org/wiki/Reginald_Hudlin
300,Dawn of Truth,0000,https://en.wikipedia.org/wiki/Peter_P._Jones
301,The Homesteader,1919,https://en.wikipedia.org/wiki/Oscar_Micheaux
302,The Mind,2009,https://en.wikipedia.org/wiki/Charles_Lane_(filmmaker)
303,Scary Movie 5,2013,https://en.wikipedia.org/wiki/Malcolm_D._Lee
304,Spacehunter: Adventures in the Forbidden Zone,1983,https://en.wikipedia.org/wiki/Deborah_Pratt
305,The Green Book: Guide to Freedom,2019,https://en.wikipedia.org/wiki/Yoruba_Richen
306,Urban Rashomon,0000,https://en.wikipedia.org/wiki/Khalik_Allah
307,Malcolm X: Nationalist or Humanist?,1967,https://en.wikipedia.org/wiki/Madeline_Anderson
308,Ages of Time[1],1959,https://en.wikipedia.org/wiki/Hortense_%22Tee%22_Beveridge
309,Walking Tall,2004,https://en.wikipedia.org/wiki/Kevin_Bray_(director)
310,My Dream is to Marry an African Prince,1984,https://en.wikipedia.org/wiki/Alile_Sharon_Larkin
311,Q&A,1990,https://en.wikipedia.org/wiki/Charles_S._Dutton
312,The World of Piri Thomas,1968,https://en.wikipedia.org/wiki/Gordon_Parks
313,"^ Gubrium, Aline; Harper, Krista",2013,https://en.wikipedia.org/wiki/Carroll_Parrott_Blue
314,Just Keke,2014,https://en.wikipedia.org/wiki/Charles_Stone_III
315,"Daytime Emmy Award for ""Outstanding Single Camera Photography",0000,https://en.wikipedia.org/wiki/Ernest_Dickerson
316,The Five Heartbeats,1991,https://en.wikipedia.org/wiki/Troy_Byer
317,Hollywood Shuffle,1987,https://en.wikipedia.org/wiki/Rusty_Cundieff
318,Matthew Kennedy: One Man’s Journey,2006,https://en.wikipedia.org/wiki/Nina_Gamble_Kennedy
319,"Sojourners for Truth and Justice, 1952[1]",1952,https://en.wikipedia.org/wiki/Hortense_%22Tee%22_Beveridge
320,The House That Jack Built,2013,https://en.wikipedia.org/wiki/Joseph_V%C3%A1squez
321,Monique,1992,https://en.wikipedia.org/wiki/Yvonne_Welbon
322,Xaaskayga Araweelo,2006,https://en.wikipedia.org/wiki/Abdisalam_Aato
323,"Tough, also known as Johnny Tough",1974,https://en.wikipedia.org/wiki/Horace_Jackson_(filmmaker)
324,The Dungeon,1922,https://en.wikipedia.org/wiki/Oscar_Micheaux
325,"^ a b c d e f g Geyer, Anne",2020,https://en.wikipedia.org/wiki/Carroll_Parrott_Blue
326,Crisis to Crisis: Voices of a Divided City,0000,https://en.wikipedia.org/wiki/Henry_Hampton
327,"^ Indianapolis Recorder, January 25, 2002 - Page 5",2002,https://en.wikipedia.org/wiki/Ivan_Rogers_(actor)
328,"^ Omar, Farid",2010,https://en.wikipedia.org/wiki/Fathia_Absie
329,Premium,2006,https://en.wikipedia.org/wiki/Pete_Chatmon
330,"^ Field, Allyson; Horak, Jan-Christopher; Stewart, Jacqueline",2015,https://en.wikipedia.org/wiki/Barbara_McCullough
331,Michael Jackson: Searching for Neverland,2017,https://en.wikipedia.org/wiki/Dianne_Houston
332,Archie Bunker's Place,1983,https://en.wikipedia.org/wiki/Oz_Scott
333,"^ Fleming, Mike Jr.",2021,https://en.wikipedia.org/wiki/David_E._Talbert
334,"^ ""WPDI Whitaker Peace & Development Initiative"". WPDI.",0000,https://en.wikipedia.org/wiki/Forest_Whitaker
335,ATL,2006,https://en.wikipedia.org/wiki/Chris_Robinson_(director)
336,Black,0000,https://en.wikipedia.org/wiki/Seith_Mann
337,Thomasine & Bushrod,1974,https://en.wikipedia.org/wiki/Gordon_Parks_Jr.
338,William Crain at IMDb,0000,https://en.wikipedia.org/wiki/William_Crain_(filmmaker)
339,Puerto Rico: A Right to Choose,1994,https://en.wikipedia.org/wiki/Stanley_Nelson_Jr.
340,Higher Learning,1995,https://en.wikipedia.org/wiki/John_Singleton
341,M*A*S*H,1970,https://en.wikipedia.org/wiki/Fred_Williamson
342,"Quincy, M.E.",1982,https://en.wikipedia.org/wiki/Larry_%22Flash%22_Jenkins
343,"^ ""World War I Draft Registration Cards, 1917-1918 [database on-line]"". United States: The Generations Network. 1917. Retrieved 2009-09-23.",1917,https://en.wikipedia.org/wiki/Richard_D._Maurice
344,Remembrance: A Portrait Study,1967,https://en.wikipedia.org/wiki/Edward_Owens_(filmmaker)
345,"Power, Privilege & Justice",2003,https://en.wikipedia.org/wiki/Roger_Ross_Williams
346,Ralph & Stanley,2005,https://en.wikipedia.org/wiki/Tanya_Wright
347,Sidewalk Stories,1989,https://en.wikipedia.org/wiki/Charles_Lane_(filmmaker)
348,Happy Cat,1946,https://en.wikipedia.org/wiki/William_Forest_Crouch
349,"^ ""BLACK WRITERS AND PRODUCERS ARE WIDENING THEIR FOCUS"". The New York Times. 1983-05-29.",1983,https://en.wikipedia.org/wiki/Topper_Carew
350,"Nominated, ""Best Film""",0000,https://en.wikipedia.org/wiki/Kent_Faulcon
351,Discovered At Sundance,1997,https://en.wikipedia.org/wiki/Roger_Ross_Williams
352,My Brother's Wedding,1983,https://en.wikipedia.org/wiki/Charles_Burnett_(director)
353,Set It Off,1996,https://en.wikipedia.org/wiki/F._Gary_Gray
354,New York Beat Movie,1981,https://en.wikipedia.org/wiki/Michael_Holman_(filmmaker)
355,For da Love of Money,2002,https://en.wikipedia.org/wiki/Pierre_Edwards
356,Woman of the Year,2015,https://en.wikipedia.org/wiki/Janicza_Bravo
357,American Gigolo,1980,https://en.wikipedia.org/wiki/Bill_Duke
358,The Final Project,2016,https://en.wikipedia.org/wiki/Taylor_Ri%27chard
359,The Story of a Three-Day Pass (also known as La Permission),1967,https://en.wikipedia.org/wiki/Melvin_Van_Peebles
360,The Best of Times,1986,https://en.wikipedia.org/wiki/Charles_S._Dutton
361,Ambad,2011,https://en.wikipedia.org/wiki/Abdisalam_Aato
362,Beverly Hills Cop,1984,https://en.wikipedia.org/wiki/Damon_Wayans
363,Progress,1997,https://en.wikipedia.org/wiki/Gina_Prince-Bythewood
364,Shaft's Big Score!,1972,https://en.wikipedia.org/wiki/Gordon_Parks
365,Garfield in the Rough (TV Short),1984,https://en.wikipedia.org/wiki/Bruce_W._Smith
366,Ali Said Hassan,0000,https://en.wikipedia.org/wiki/Abdisalam_Aato
367,"^ Richards, Larry",2015,https://en.wikipedia.org/wiki/Edward_Lewis_(filmmaker)
368,Back Door Man,1946,https://en.wikipedia.org/wiki/William_Forest_Crouch
369,BlackStar Film Festival,2020,https://en.wikipedia.org/wiki/Channing_Godfrey_Peoples
370,War,2007,https://en.wikipedia.org/wiki/Philip_Atwell
371,Cannon,1974–1975,https://en.wikipedia.org/wiki/Carl_Franklin
372,Flavio,1964,https://en.wikipedia.org/wiki/Gordon_Parks
373,Lady Luck,2016,https://en.wikipedia.org/wiki/Tricia_Woodgett
374,"^ a b c Rhoden, William",2012,https://en.wikipedia.org/wiki/Shola_Lynch
375,Cold Case  9 episodes; also co-executive producer; NAACP,mage,https://en.wikipedia.org/wiki/Paris_Barclay
376,The Snake In My Bed,1995,https://en.wikipedia.org/wiki/Ben_Caldwell_(filmmaker)
377,Destination: Planet Negro,2013,https://en.wikipedia.org/wiki/Kevin_Willmott
378,S.W.A.T.: Firefight,2011,https://en.wikipedia.org/wiki/Benny_Boom
379,A String of Pearls,2002,https://en.wikipedia.org/wiki/Camille_Billops
380,Internet Dating,2008,https://en.wikipedia.org/wiki/Omar_Regan
381,"Won, ""Audience Choice Award"" – Sister's Keeper",2007,https://en.wikipedia.org/wiki/Kent_Faulcon
382,Class Act,1992,https://en.wikipedia.org/wiki/John_Semper
383,Women of Vision: Histories in Feminist Film & Video,1998,https://en.wikipedia.org/wiki/Pearl_Bowser
384,Cedric the Entertainer: Starting Lineup,2002,https://en.wikipedia.org/wiki/Leslie_Small
385,Black Like Me,1964,https://en.wikipedia.org/wiki/D%27Urville_Martin
386,"^ Lipton, James",1998,https://en.wikipedia.org/wiki/Danny_Glover
387,Miss Juneteenth[12],2020,https://en.wikipedia.org/wiki/Channing_Godfrey_Peoples
388,Orange Bow,2005,https://en.wikipedia.org/wiki/Dee_Rees
389,Challenge America With Erin Brockovich,2001,https://en.wikipedia.org/wiki/Roger_Ross_Williams
390,^ http://www.crainstudios.com/About(Note: Incorrect footnote and link reference to the wrong individual listed in the article),0000,https://en.wikipedia.org/wiki/William_Crain_(filmmaker)
391,Jimi: All Is by My Side,2013,https://en.wikipedia.org/wiki/John_Ridley
392,5 Afternoons,2011,https://en.wikipedia.org/wiki/Chinonye_Chukwu
393,"^ ""Boots Riley on How His Hit Movie ""Sorry to Bother You"" Slams Capitalism & Offers Solutions"". DemocracyNow!. July 17, 2018. Retrieved July 26, 2018.",2018,https://en.wikipedia.org/wiki/Boots_Riley
394,Ninth Street,1999,https://en.wikipedia.org/wiki/Kevin_Willmott
395,The Hayes Way: Body Defining Age Defying,2008,https://en.wikipedia.org/wiki/Tim_Wilson_(filmmaker)
396,Rings,2006,https://en.wikipedia.org/wiki/Justin_Simien
397,Night and Day,2013,https://en.wikipedia.org/wiki/Nia_DaCosta
398,"^ a b c Manconi, David",2009,https://en.wikipedia.org/wiki/Scott_Sanders_(director)
399,They Call Me Bruce?,1982,https://en.wikipedia.org/wiki/Roy_Fegan
400,^ Various,2001,https://en.wikipedia.org/wiki/Solomon_Sir_Jones
401,"^ ""They All Must Die",2015,https://en.wikipedia.org/wiki/Sean_Weathers
402,Missing Relations,1994,https://en.wikipedia.org/wiki/Yvonne_Welbon
403,Cougar Town,2009,https://en.wikipedia.org/wiki/Henry_E._Taylor_III
404,Third Meridian,1997,https://en.wikipedia.org/wiki/Tim_Wilson_(filmmaker)
405,Best Documentary at the Pan-African Film Festival,0000,https://en.wikipedia.org/wiki/Thomas_Allen_Harris
406,FOX Soul,2020,https://en.wikipedia.org/wiki/James_DuBose
407,Filmstatement,1982,https://en.wikipedia.org/wiki/Zeinabu_irene_Davis
408,"^ ""SPIDER-MAN: THE ANIMATED SERIES 20th ANNIVERSARY REUNION - Panel Discussion"". YouTube. Archived from the original on 2021-12-13. Retrieved 2015-05-21.",2021,https://en.wikipedia.org/wiki/John_Semper
409,Mutiny,1999,https://en.wikipedia.org/wiki/Tanya_Wright
410,Noel,2004,https://en.wikipedia.org/wiki/Billy_Porter_(actor)
411,Sweetbitter,2019,https://en.wikipedia.org/wiki/Adam_Davenport
412,Deadlocked,2000,https://en.wikipedia.org/wiki/Jo_D._Jonz
413,Two Encounters,1999,https://en.wikipedia.org/wiki/Rodney_Evans_(filmmaker)
414,"^ Messer, Chris M.; Beamon, Krystal; Bell, Patricia A.",2013,https://en.wikipedia.org/wiki/Solomon_Sir_Jones
415,Paid in Full,2002,https://en.wikipedia.org/wiki/Charles_Stone_III
416,Fourteen Hours,1951,https://en.wikipedia.org/wiki/Ossie_Davis
417,Sisters in the Life: First Love,1993,https://en.wikipedia.org/wiki/Yvonne_Welbon
418,No Way Out,1950,https://en.wikipedia.org/wiki/Ossie_Davis
419,Fragrance[1],1991,https://en.wikipedia.org/wiki/Gay_Abel-Bey
420,"^ a b ""November 11 Provost's Lecture with Filmmaker Byron Hurt"". Stony Brook University. November 4, 2013. Archived from the original on January 16, 2015. Retrieved January 27, 2015.",2013,https://en.wikipedia.org/wiki/Byron_Hurt
421,"^ Kiang, Jessica",2016,https://en.wikipedia.org/wiki/Danny_Glover
422,The Lobby,2015,https://en.wikipedia.org/wiki/Fathia_Absie
423,Bottom,2012,https://en.wikipedia.org/wiki/Chinonye_Chukwu
424,"^ a b Debruge, Peter",2017,https://en.wikipedia.org/wiki/Maggie_Betts
425,The Imperceptible Peace Maker,2014,https://en.wikipedia.org/wiki/Fathia_Absie
426,Pariah,2007,https://en.wikipedia.org/wiki/Dee_Rees
427,Nobody's Children,1920,https://en.wikipedia.org/wiki/Richard_D._Maurice
428,D.E.B.S.,2003,https://en.wikipedia.org/wiki/Angela_Robinson_(filmmaker)
429,Graffiti Bridge,1990,https://en.wikipedia.org/wiki/Prince_(musician)
430,"Surviving Compton: Dre, Suge & Michel'le",2016,https://en.wikipedia.org/wiki/Dianne_Houston
431,"^ ""Shola Lynch Chooses Texas"". The New York Times. April 6, 1987. Retrieved March 28, 2018.",1987,https://en.wikipedia.org/wiki/Shola_Lynch
432,"^ ""Charles Randolph-Wright's Biography"". The HistoryMakers. Retrieved 2020-11-12.",2020,https://en.wikipedia.org/wiki/Charles_Randolph-Wright
433,Bully,2012,https://en.wikipedia.org/wiki/Greg_Carter_(filmmaker)
434,Stargate,1994,https://en.wikipedia.org/wiki/Kevin_Grevioux
435,The Trial of Charumathi,2008,https://en.wikipedia.org/wiki/Safiya_Songhai
436,In Living Color (TV Series),1991,https://en.wikipedia.org/wiki/Damien_Dante_Wayans
437,Breakthrough: The Changing Face of Science in America,0000,https://en.wikipedia.org/wiki/Henry_Hampton
438,"^ Company, Johnson Publishing",1974,https://en.wikipedia.org/wiki/Nina_Gamble_Kennedy
439,"^ a b c Field, Allyson; Horak, Jan-Christopher; Stewart, Jacqueline",2015,https://en.wikipedia.org/wiki/Barbara_McCullough
440,Training Day,2001,https://en.wikipedia.org/wiki/Antoine_Fuqua
441,Uncorked,2020,https://en.wikipedia.org/wiki/Prentice_Penny
442,All Eyez on Me,2017,https://en.wikipedia.org/wiki/Benny_Boom
443,"^ ""Augusta area tied to celebrities"". Chronicle.augusta.com. Archived from the original on January 29, 2016. Retrieved July 31, 2016.",2016,https://en.wikipedia.org/wiki/Danny_Glover
444,U Turn,1997,https://en.wikipedia.org/wiki/John_Ridley
445,Glee,0000,https://en.wikipedia.org/wiki/Paris_Barclay
446,"^ a b c d ""Lynch, Shola"". Encyclopedia.com. Contemporary Black Biography. 2007. Retrieved February 8, 2016.",2007,https://en.wikipedia.org/wiki/Shola_Lynch
447,Lou Grant,1982,https://en.wikipedia.org/wiki/Larry_%22Flash%22_Jenkins
448,Baby Don't Go Away from Me,1943,https://en.wikipedia.org/wiki/William_Forest_Crouch
449,Super Sweet 16: The Movie,2007,https://en.wikipedia.org/wiki/Neema_Barnette
450,The Last Fall,2012,https://en.wikipedia.org/wiki/Matthew_A._Cherry
451,Daydream Therapy,1977,https://en.wikipedia.org/wiki/Gay_Abel-Bey
452,Body and Soul,1981,https://en.wikipedia.org/wiki/George_Bowers_(filmmaker)
453,Friday After Next,2002,https://en.wikipedia.org/wiki/Kevin_Bray_(director)
454,Boyz n the Hood,1991,https://en.wikipedia.org/wiki/Regina_King
455,Aaron Loves Angela,1975,https://en.wikipedia.org/wiki/Gordon_Parks_Jr.
456,A Place in Time,1977,https://en.wikipedia.org/wiki/Charles_Lane_(filmmaker)
457,Color Adjustment  1992) (later aired on,V in,https://en.wikipedia.org/wiki/Marlon_Riggs
458,"My Sister, My Sister, Ray Aranha playwright",1974,https://en.wikipedia.org/wiki/Seret_Scott
459,"^ Carpenter, Bil",2005,https://en.wikipedia.org/wiki/David_E._Talbert
460,Family Fundamentals,2002,https://en.wikipedia.org/wiki/Sylvia_Rhue
461,SlamNation,1998,https://en.wikipedia.org/wiki/Saul_Williams
462,"^ Glover, Danny. ""Actor Danny Glover: My parents proudly worked for the US Postal Service. Don't destroy it"". USA TODAY.",0000,https://en.wikipedia.org/wiki/Danny_Glover
463,"Meetings, Mustapha Matura playwright",1981,https://en.wikipedia.org/wiki/Seret_Scott
464,The Adventures of Buckaroo Banzai Across the 8th Dimension,1984,https://en.wikipedia.org/wiki/Kevin_Rodney_Sullivan
465,What Color is God?,1986,https://en.wikipedia.org/wiki/Alile_Sharon_Larkin
466,Keanu,2016,https://en.wikipedia.org/wiki/Jordan_Peele
467,Life Is Hot in Cracktown,2009,https://en.wikipedia.org/wiki/Omar_Regan
468,Apology,2001,https://en.wikipedia.org/wiki/Seith_Mann
469,"^ ""TAYLOR RI'CHARD DIRECTOR / WRITER / PRODUCER ‹ The Final Project Movie"". thefinalprojectmovie.com. Retrieved 2016-03-29.",2016,https://en.wikipedia.org/wiki/Taylor_Ri%27chard
470,America's War on Poverty,0000,https://en.wikipedia.org/wiki/Henry_Hampton
471,Rip the Runway,2011,https://en.wikipedia.org/wiki/Chris_Robinson_(director)
472,Label: DreamWorks,0000,https://en.wikipedia.org/wiki/Chris_Rock
473,"2017- Emmy Award Winner, SoCal Con",cted,https://en.wikipedia.org/wiki/Alex_Stapleton
474,The Hearse,1980,https://en.wikipedia.org/wiki/George_Bowers_(filmmaker)
475,Water Ritual 1: An Urban Rite of Purification,1979,https://en.wikipedia.org/wiki/Ben_Caldwell_(filmmaker)
476,2001: A Space Travesty,2001,https://en.wikipedia.org/wiki/Pierre_Edwards
477,3D,2000,https://en.wikipedia.org/wiki/Pete_Chatmon
478,Hip-Hop: Beyond Beats and Rhymes,0000,https://en.wikipedia.org/wiki/Byron_Hurt
479,"^ Hill, Michael E.",1992,https://en.wikipedia.org/wiki/Topper_Carew
480,Hidden Colors,2011,https://en.wikipedia.org/wiki/Tariq_Nasheed
481,Boom Boom Kudu Boom Boom,2006,https://en.wikipedia.org/wiki/Deantoni_Parks
482,"^ a b c ""About"". Robert Townsend. Archived from the original on 2011-07-14.",2011,https://en.wikipedia.org/wiki/Robert_Townsend_(actor)
483,Greenleaf,2017,https://en.wikipedia.org/wiki/Bille_Woodruff
484,Sisters of the Screen,2002,https://en.wikipedia.org/wiki/Beti_Ellerson
485,Just Us,2014,https://en.wikipedia.org/wiki/Tricia_Woodgett
486,John Semper's Crypt of Creeporia,0000,https://en.wikipedia.org/wiki/John_Semper
487,Mr. 3000,3000,https://en.wikipedia.org/wiki/Charles_Stone_III
488,Benson,1986,https://en.wikipedia.org/wiki/Keenen_Ivory_Wayans
489,Access Granted,2003,https://en.wikipedia.org/wiki/Benny_Boom
490,Trying Times,1989,https://en.wikipedia.org/wiki/George_C._Wolfe
491,Fantastic Four: Rise of the Silver Surfer,2007,https://en.wikipedia.org/wiki/Tim_Story
492,Hair Love,2019,https://en.wikipedia.org/wiki/Matthew_A._Cherry
493,FOX Soul Season 3[40],2022,https://en.wikipedia.org/wiki/James_DuBose
494,"^ Roberts, Jerry",2009,https://en.wikipedia.org/wiki/Jeffrey_W._Byrd
495,Fernwood 2 Night,1977,https://en.wikipedia.org/wiki/Tim_Reid
496,"^ Johnson, Martin L.",2020,https://en.wikipedia.org/wiki/Solomon_Sir_Jones
497,"^ a b 
""Fifteenth Census of the United States",1930,https://en.wikipedia.org/wiki/Richard_D._Maurice
498,Major Payne,1995,https://en.wikipedia.org/wiki/Damien_Dante_Wayans
499,"^ Lewis, Haley. 2018, July 13. ""'The world was making my movie too on the nose': Boots Riley on his directorial debut."" CBC News.",2018,https://en.wikipedia.org/wiki/Boots_Riley
500,Black Panther: Wakanda Forever,2022,https://en.wikipedia.org/wiki/Joe_Robert_Cole
501,Alone,2017,https://en.wikipedia.org/wiki/Garrett_Bradley_(filmmaker)
502,Portrait: An American Concert Pianist,1989,https://en.wikipedia.org/wiki/Nina_Gamble_Kennedy
503,Urban Odyssey,1991,https://en.wikipedia.org/wiki/Michelle_Parkerson
504,The Measure of a Man: A Spiritual Autobiography,2000,https://en.wikipedia.org/wiki/Sidney_Poitier
505,"Tell Me That You Love Me, Junie Moon",1970,https://en.wikipedia.org/wiki/Fred_Williamson
506,Underground Voices,1996,https://en.wikipedia.org/wiki/Saul_Williams
507,Make It Happen,2008,https://en.wikipedia.org/wiki/Darren_Grant
508,"Sidney Poitier: Man, Actor, Icon",2004,https://en.wikipedia.org/wiki/Sidney_Poitier
509,Project Olympus,2020,https://en.wikipedia.org/wiki/Adam_Davenport
510,The Czar of Black Hollywood,2014,https://en.wikipedia.org/wiki/Bayer_Mack
511,Playing House [13],2005,https://en.wikipedia.org/wiki/Deantoni_Parks
512,2020 Texas Gladiators,1983,https://en.wikipedia.org/wiki/Geretta_Geretta
513,Killer of Sheep,1978,https://en.wikipedia.org/wiki/Charles_Burnett_(director)
514,"^ Enis, Matt",2016,https://en.wikipedia.org/wiki/Chester_Novell_Turner
515,The Cardinal,1963,https://en.wikipedia.org/wiki/Ossie_Davis
516,Five Thirteen,2013,https://en.wikipedia.org/wiki/Omar_Regan
517,The Black Candle,2008,https://en.wikipedia.org/wiki/M._K._Asante
518,Hollywood and Vying,2007,https://en.wikipedia.org/wiki/Omowale_Akintunde
519,Midnight Ramble: Oscar Micheaux and the Story of Black Movies,1994,https://en.wikipedia.org/wiki/Pearl_Bowser
520,SXSW,2020,https://en.wikipedia.org/wiki/Channing_Godfrey_Peoples
521,Boyant: A Michael Jordan in a Speedo is Far Beyond the Horizon,2008,https://en.wikipedia.org/wiki/Akosua_Adoma_Owusu
522,LadyLike,2006,https://en.wikipedia.org/wiki/Safiya_Songhai
523,Black Dynamite,2012,https://en.wikipedia.org/wiki/Scott_Sanders_(director)
524,^ REBIRTH CYBORG's Greatest Danger: ‘Being a Black Man Living in Detroit’,0000,https://en.wikipedia.org/wiki/John_Semper
525,Fear of a Black Hat,1993,https://en.wikipedia.org/wiki/Rusty_Cundieff
526,The Patient,2022,https://en.wikipedia.org/wiki/Kevin_Bray_(director)
527,Gregory Go Boom,2013,https://en.wikipedia.org/wiki/Janicza_Bravo
528,Pauline Alone,2014,https://en.wikipedia.org/wiki/Janicza_Bravo
529,Methadone: Wonder Drug or Evil Spirit,1976,https://en.wikipedia.org/wiki/Jessie_Maple
530,A Thousand and One,2023,https://en.wikipedia.org/wiki/A.V._Rockwell
531,Rajo,2003,https://en.wikipedia.org/wiki/Abdisalam_Aato
532,Syngenor,1990,https://en.wikipedia.org/wiki/Roy_Fegan
533,"^ a b Weiner, Jonah",2018,https://en.wikipedia.org/wiki/Boots_Riley
534,"^ ""Sean Weathers"". Classicalite. Retrieved October 12, 2015.",2015,https://en.wikipedia.org/wiki/Sean_Weathers
535,Twice as Nice,1989,https://en.wikipedia.org/wiki/Jessie_Maple
536,If I Had Known I Was a Genius,2007,https://en.wikipedia.org/wiki/Markus_Redmond
537,Starter for 10,2006,https://en.wikipedia.org/wiki/Rebecca_Hall
538,"Lorraine Klassen Tribute South African Music & Miriam Makeba: Live at SOB's, Director 1991 Music Video",1991,https://en.wikipedia.org/wiki/Leslie_Harris_(director)
539,CrazySexyCool: The TLC Story,2013,https://en.wikipedia.org/wiki/Charles_Stone_III
540,Carter's Army,1970,https://en.wikipedia.org/wiki/Richard_Pryor
541,Oscar nomination,1992,https://en.wikipedia.org/wiki/Bill_Miles
542,Honor Up,2018,https://en.wikipedia.org/wiki/James_DuBose
543,The Real Dancers of North Hollywood,2014,https://en.wikipedia.org/wiki/Antonio_D._James
544,Haunted Mansion,2023,https://en.wikipedia.org/wiki/Justin_Simien
545,Meet the Browns,2008,https://en.wikipedia.org/wiki/Tyler_Perry
546,A Special Friendship,1987,https://en.wikipedia.org/wiki/Richard_Brooks_(actor)
547,The Breaks,1999,https://en.wikipedia.org/wiki/Pierre_Edwards
548,Wracked,2012,https://en.wikipedia.org/wiki/Victoria_Mahoney
549,Black Card,2015,https://en.wikipedia.org/wiki/Pete_Chatmon
550,Adventures of Dennis Da Menace: South Beach,2001,https://en.wikipedia.org/wiki/Tim_Wilson_(filmmaker)
551,"^ Katz, Richard",1998,https://en.wikipedia.org/wiki/Kim_Bass
552,Editing Exercises[1],c. 1950,https://en.wikipedia.org/wiki/Hortense_%22Tee%22_Beveridge
553,"^ a b ""With '20,000 Leagues,' the National Film Registry Reaches 700"". LOC.gov. Library of Congress. December 14, 2016. Archived from the original on 22 December 2016. Retrieved December 14, 2016.",2016,https://en.wikipedia.org/wiki/Solomon_Sir_Jones
554,Verses & Flow,2015,https://en.wikipedia.org/wiki/Darren_Grant
555,Welcome Home Roscoe Jenkins,2008,https://en.wikipedia.org/wiki/Malcolm_D._Lee
556,The Santa Clause 3: The Escape Clause,2006,https://en.wikipedia.org/wiki/Aisha_Tyler
557,Hollywood Shuffle,1987,https://en.wikipedia.org/wiki/Keenen_Ivory_Wayans
558,Blind Faith,1998,https://en.wikipedia.org/wiki/Ernest_Dickerson
559,The Streets of San Francisco,1974,https://en.wikipedia.org/wiki/Carl_Franklin
560,Lap Dance,2014,https://en.wikipedia.org/wiki/Greg_Carter_(filmmaker)
561,Caribe,1975,https://en.wikipedia.org/wiki/Carl_Franklin
562,Golden Gate Award at the San Francisco International Film Festival,0000,https://en.wikipedia.org/wiki/Thomas_Allen_Harris
563,Trey,2013,https://en.wikipedia.org/wiki/Antonio_D._James
564,Like,2016,https://en.wikipedia.org/wiki/Garrett_Bradley_(filmmaker)
565,The Super Cops,1974,https://en.wikipedia.org/wiki/Gordon_Parks
566,A Thin Line Between Love and Hate,1996,https://en.wikipedia.org/wiki/Regina_King
567,Tales from the QuadeaD Zone,1987,https://en.wikipedia.org/wiki/Chester_Novell_Turner
568,Guilty By Association,2002,https://en.wikipedia.org/wiki/Tim_Wilson_(filmmaker)
569,Emmy Awards,0000,https://en.wikipedia.org/wiki/Bill_Miles
570,Chameleon,2004,https://en.wikipedia.org/wiki/Pete_Chatmon
571,Mariachi,2009,https://en.wikipedia.org/wiki/Shaka_King
572,Posse,1993,https://en.wikipedia.org/wiki/Charles_Lane_(filmmaker)
573,"^ a b c Hereford, André",2020,https://en.wikipedia.org/wiki/Shawn_Short
574,Alfred I. Dupont - Columbia Award,1982,https://en.wikipedia.org/wiki/Bill_Miles
575,Daddy's Girl,2007,https://en.wikipedia.org/wiki/Reggie_Rock_Bythewood
576,Sleeping on a train in Motion,1999,https://en.wikipedia.org/wiki/M._Asli_Dukan
577,For Us the Living: The Medgar Evers Story,1983,https://en.wikipedia.org/wiki/Michael_Schultz
578,Daytime Divas,2017,https://en.wikipedia.org/wiki/Bille_Woodruff
579,"^ a b c d e Sternbergh, Adam. ""Out of the Woods: How Forest Whitaker escaped his career slump."" New York. January 9, 2006.",2006,https://en.wikipedia.org/wiki/Forest_Whitaker
580,Coming to America,1988,https://en.wikipedia.org/wiki/Vondie_Curtis-Hall
581,"^ ""Q&A with Shola Lynch | C-SPAN.org"".",0000,https://en.wikipedia.org/wiki/Shola_Lynch
582,B*A*P*S,1997,https://en.wikipedia.org/wiki/Pierre_Edwards
583,Coach Carter,2005,https://en.wikipedia.org/wiki/Thomas_Carter_(director)
584,Fall Into Me,2016,https://en.wikipedia.org/wiki/Dah%C3%A9li_Hall
585,The Legend of Nigger Charley,1972,https://en.wikipedia.org/wiki/D%27Urville_Martin
586,Killing Hasselhoff,2017,https://en.wikipedia.org/wiki/Darren_Grant
587,Dead Presidents,1995,https://en.wikipedia.org/wiki/Hughes_brothers
588,Biker Boyz,2003,https://en.wikipedia.org/wiki/Reggie_Rock_Bythewood
589,Boyz n the Hood,1991,https://en.wikipedia.org/wiki/John_Singleton
590,"^ ""Chronicle.augusta.com"". Archived from the original on July 10, 2012. Retrieved February 8, 2016.",2012,https://en.wikipedia.org/wiki/Danny_Glover
591,Sunlight,1957,https://en.wikipedia.org/wiki/Melvin_Van_Peebles
592,Hill Street Blues,1983,https://en.wikipedia.org/wiki/Oz_Scott
593,Festival Of Mask,1982,https://en.wikipedia.org/wiki/Ben_Caldwell_(filmmaker)
594,Just Ask My Children,2001,https://en.wikipedia.org/wiki/Morocco_Omari
595,Naked Gun 331⁄3: The Final Insult,1994,https://en.wikipedia.org/wiki/Kevin_Grevioux
596,Home Brew,1920,https://en.wikipedia.org/wiki/Richard_D._Maurice
597,A Man Apart,2003,https://en.wikipedia.org/wiki/F._Gary_Gray
598,The Intern,2000,https://en.wikipedia.org/wiki/Billy_Porter_(actor)
599,"Wigger, a Short Film",2008,https://en.wikipedia.org/wiki/Omowale_Akintunde
600,Dallas: The Early Years,1986,https://en.wikipedia.org/wiki/Bill_Duke
601,Medea,1973,https://en.wikipedia.org/wiki/Ben_Caldwell_(filmmaker)
602,Locks,2009,https://en.wikipedia.org/wiki/Ryan_Coogler
603,Guess Who's Coming to Dinner,1967,https://en.wikipedia.org/wiki/D%27Urville_Martin
604,Ironside,1968,https://en.wikipedia.org/wiki/Fred_Williamson
605,Colonial Gods,2009,https://en.wikipedia.org/wiki/Dee_Rees
606,also director.,0000,https://en.wikipedia.org/wiki/Ernest_Dickerson
607,Black Mother,2018,https://en.wikipedia.org/wiki/Khalik_Allah
608,BMF,2023,https://en.wikipedia.org/wiki/Crystle_Roberson
609,Intermittent Delight,2007,https://en.wikipedia.org/wiki/Akosua_Adoma_Owusu
610,The Purge,2018,https://en.wikipedia.org/wiki/Anthony_Hemingway
611,"^ a b c ""New York, New York Death Index, 1949-1965 [database on-line]"". United States: The Generations Network. Retrieved 2019-01-10.",1949,https://en.wikipedia.org/wiki/Richard_D._Maurice
612,"^ Billboard Magazine, April 13, 1985 - Page 65 New Releases, HOME VIDEO",1985,https://en.wikipedia.org/wiki/Ivan_Rogers_(actor)
613,D.E.B.S.,2004,https://en.wikipedia.org/wiki/Angela_Robinson_(filmmaker)
614,Queens,2021,https://en.wikipedia.org/wiki/Crystle_Roberson
615,Miss Fluci Moses,1987,https://en.wikipedia.org/wiki/Alile_Sharon_Larkin
616,Illegal Tender,2007,https://en.wikipedia.org/wiki/Franc_Reyes_(film_director)
617,I Was a Teenage Wereskunk,2016,https://en.wikipedia.org/wiki/Dah%C3%A9li_Hall
618,Love Is Not Enough,1978,https://en.wikipedia.org/wiki/Bill_Duke
619,"^ O'Hanlon, Dom",2016,https://en.wikipedia.org/wiki/Charles_Randolph-Wright
620,Pretty Perfect,2014,https://en.wikipedia.org/wiki/Greg_Carter_(filmmaker)
621,Quantum Leap,1989,https://en.wikipedia.org/wiki/Anita_W._Addison
622,Universal Soldier,1992,https://en.wikipedia.org/wiki/Michael_Jai_White
623,The Kitchen,1975,https://en.wikipedia.org/wiki/Alile_Sharon_Larkin
624,Sign o' the Times,1987,https://en.wikipedia.org/wiki/Prince_(musician)
625,True Lies,2023,https://en.wikipedia.org/wiki/Anthony_Hemingway
626,Knights of the South Bronx,2005,https://en.wikipedia.org/wiki/Dianne_Houston
627,"^ Ryan, Maureen",2008,https://en.wikipedia.org/wiki/Ted_Lange
628,Aztec Warrior,2016,https://en.wikipedia.org/wiki/Scott_Sanders_(director)
629,Jungle Fever,1991,https://en.wikipedia.org/wiki/Halle_Berry
630,Wealth of a Nation,1964,https://en.wikipedia.org/wiki/William_Greaves
631,Caldonia,1945,https://en.wikipedia.org/wiki/William_Forest_Crouch
632,Undercover Brother,2002,https://en.wikipedia.org/wiki/John_Ridley
633,American Playhouse,1982,https://en.wikipedia.org/wiki/Oz_Scott
634,"^ a b ""Dancer and Entrepreneur Shawn Short Builds a Vision in DC"". Spin. 2022.",2022,https://en.wikipedia.org/wiki/Shawn_Short
635,Appearances on C-SPAN,0000,https://en.wikipedia.org/wiki/Shola_Lynch
636,Bar Star kudu - bar star,2006,https://en.wikipedia.org/wiki/Deantoni_Parks
637,90210,2013,https://en.wikipedia.org/wiki/Benny_Boom
638,Fresh Kill,1994,https://en.wikipedia.org/wiki/George_C._Wolfe
639,Verdict Not Guilty,1933,https://en.wikipedia.org/wiki/Eloyce_King_Patrick_Gist
640,Secret Son,2002,https://en.wikipedia.org/wiki/Roger_Ross_Williams
641,Best Documentary at OutFest,0000,https://en.wikipedia.org/wiki/Thomas_Allen_Harris
642,Switch Swap,2007,https://en.wikipedia.org/wiki/Omowale_Akintunde
643,House Party,1990,https://en.wikipedia.org/wiki/Reginald_Hudlin
644,Eve's Bayou,1997,https://en.wikipedia.org/wiki/Kasi_Lemmons
645,Janine,1990,https://en.wikipedia.org/wiki/Cheryl_Dunye
646,Take Your Bags,1998,https://en.wikipedia.org/wiki/Camille_Billops
647,Shakedown,2002,https://en.wikipedia.org/wiki/Morocco_Omari
648,"^ a b c d e f g h i j Halter, Ed",2015,https://en.wikipedia.org/wiki/Edward_Owens_(filmmaker)
649,The Walls Came Tumbling Down,1975,https://en.wikipedia.org/wiki/Madeline_Anderson
650,Orishas,2001,https://en.wikipedia.org/wiki/M._Asli_Dukan
651,Bruce Bruce Live,2003,https://en.wikipedia.org/wiki/Leslie_Small
652,Aftersun,2022,https://en.wikipedia.org/wiki/Barry_Jenkins
653,Three the Hard Way,1974,https://en.wikipedia.org/wiki/Gordon_Parks_Jr.
654,The Unveiling,1996,https://en.wikipedia.org/wiki/Rodney_Evans_(filmmaker)
655,Close to Home,1998,https://en.wikipedia.org/wiki/Rodney_Evans_(filmmaker)
656,Stitches,1991,https://en.wikipedia.org/wiki/Gina_Prince-Bythewood
657,Odds and Ends,1993,https://en.wikipedia.org/wiki/Michelle_Parkerson
658,"^ a b Brownlee, Andrea Barnwell; Oliver, Valerie Cassel",2008,https://en.wikipedia.org/wiki/Carroll_Parrott_Blue
659,"^ a b Ballenger, Melvonna. ""Melvonna Ballenger"". UCLA film and television archive. Retrieved 12 November 2019.",2019,https://en.wikipedia.org/wiki/Melvonna_Ballenger
660,Cutie by Raw Stilo,1995,https://en.wikipedia.org/wiki/M._E._Holland
661,A Doll's House,1987,https://en.wikipedia.org/wiki/Vaginal_Davis
662,Menace II Society,1993,https://en.wikipedia.org/wiki/Hughes_brothers
663,Wild in the Streets,1968,https://en.wikipedia.org/wiki/Richard_Pryor
664,Hair Show,2004,https://en.wikipedia.org/wiki/Leslie_Small
665,Time,2001,https://en.wikipedia.org/wiki/Roger_Ross_Williams
666,Dinty McGinty,1946,https://en.wikipedia.org/wiki/William_Forest_Crouch
667,The Disaster Artist,2017,https://en.wikipedia.org/wiki/Jerrod_Carmichael
668,The L Word,2005,https://en.wikipedia.org/wiki/Sylvia_Rhue
669,"Harlem Trade Union Council Convention, 1949[1]",1949,https://en.wikipedia.org/wiki/Hortense_%22Tee%22_Beveridge
670,The Learning Tree,1969,https://en.wikipedia.org/wiki/Gordon_Parks
671,"Mother, Jugs & Speed",1976,https://en.wikipedia.org/wiki/Tim_Reid
672,Dreamland,1983,https://en.wikipedia.org/wiki/Oz_Scott
673,Jerico,2016,https://en.wikipedia.org/wiki/Tricia_Woodgett
674,Anthem,1991,https://en.wikipedia.org/wiki/Marlon_Riggs
675,Speed,1994,https://en.wikipedia.org/wiki/Kevin_Grevioux
676,^ By,1994,https://en.wikipedia.org/wiki/Nina_Gamble_Kennedy
677,She Don't Fade,1991,https://en.wikipedia.org/wiki/Cheryl_Dunye
678,Tears of the Sun,2003,https://en.wikipedia.org/wiki/Antoine_Fuqua
679,A Stray,2016,https://en.wikipedia.org/wiki/Fathia_Absie
680,The Negotiator,1998,https://en.wikipedia.org/wiki/F._Gary_Gray
681,The Gospel,2016,https://en.wikipedia.org/wiki/A.V._Rockwell
682,The Way I See It,2020,https://en.wikipedia.org/wiki/Dawn_Porter_(filmmaker)
683,The Great White Hype,1996,https://en.wikipedia.org/wiki/Reginald_Hudlin
684,Idil Ibrahim,0000,https://en.wikipedia.org/wiki/Abdisalam_Aato
685,Your Children Come Back to You,1979,https://en.wikipedia.org/wiki/Alile_Sharon_Larkin
686,The Watermelon Woman,1996,https://en.wikipedia.org/wiki/Pearl_Bowser
687,Creed,2015,https://en.wikipedia.org/wiki/Ryan_Coogler
688,Notorious,2009,https://en.wikipedia.org/wiki/Reggie_Rock_Bythewood
689,"^ ""Dreamgirls - Broadway Musical - Original | IDBD"". Archived from the original on 2018-09-16.",2018,https://en.wikipedia.org/wiki/Charles_Randolph-Wright
690,Slogan,1969,https://en.wikipedia.org/wiki/Melvin_Van_Peebles
691,Full Contact,1993,https://en.wikipedia.org/wiki/Michael_Jai_White
692,Bones,2001,https://en.wikipedia.org/wiki/Ernest_Dickerson
693,Free Tuition with MK Asante,2020,https://en.wikipedia.org/wiki/M._K._Asante
694,"Suzanne, Suzanne",1982,https://en.wikipedia.org/wiki/Camille_Billops
695,I Remember Betty,1987,https://en.wikipedia.org/wiki/Michelle_Parkerson
696,Tall Enough,2009,https://en.wikipedia.org/wiki/Barry_Jenkins
697,Within Our Gates,1920,https://en.wikipedia.org/wiki/Oscar_Micheaux
698,Buck,0000,https://en.wikipedia.org/wiki/M._K._Asante
699,Mulignans,2015,https://en.wikipedia.org/wiki/Shaka_King
700,A Different World,1987,https://en.wikipedia.org/wiki/Keenen_Ivory_Wayans
701,Sisters,1991,https://en.wikipedia.org/wiki/Anita_W._Addison
702,Poetic Justice,1993,https://en.wikipedia.org/wiki/John_Singleton
703,Book of Love,2002,https://en.wikipedia.org/wiki/Jo_D._Jonz
704,Holy Smoke,2007,https://en.wikipedia.org/wiki/Omowale_Akintunde
705,Soul Food,1997,https://en.wikipedia.org/wiki/George_Tillman_Jr.
706,"^ France, Lisa Respers",2010,https://en.wikipedia.org/wiki/Tariq_Nasheed
707,Twisted,1996,https://en.wikipedia.org/wiki/Billy_Porter_(actor)
708,"^ ""With East Village exhibition, the art of Jean-Michel Basquiat comes home"". PBS NewsHour. May 6, 2019. Retrieved August 9, 2020.{{cite web}}:  CS1 maint: url-status",2019,https://en.wikipedia.org/wiki/Michael_Holman_(filmmaker)
709,Les cinq cent balles (500 Francs),1961,https://en.wikipedia.org/wiki/Melvin_Van_Peebles
710,The Phynx,1970,https://en.wikipedia.org/wiki/Richard_Pryor
711,"Greenleaf - List of Greenleaf episodes - 2019, 2021",2019,https://en.wikipedia.org/wiki/Crystle_Roberson
712,The White Shadow,1979,https://en.wikipedia.org/wiki/Larry_%22Flash%22_Jenkins
713,The Black Girl Dies Last,2009,https://en.wikipedia.org/wiki/Nia_DaCosta
714,"^ a b c McCluskey, Audrey",2005,https://en.wikipedia.org/wiki/Shola_Lynch
715,Swing Kids,1993,https://en.wikipedia.org/wiki/Thomas_Carter_(director)
716,Hot Package,2015,https://en.wikipedia.org/wiki/Janicza_Bravo
717,Class Act,1992,https://en.wikipedia.org/wiki/Doug_E._Doug
718,Malcolm X,1992,https://en.wikipedia.org/wiki/Spike_Lee
719,Gone Are the Days!,1963,https://en.wikipedia.org/wiki/Ossie_Davis
720,Jacknife,1989,https://en.wikipedia.org/wiki/Charles_S._Dutton
721,One of Us Tripped,1997,https://en.wikipedia.org/wiki/Tim_Story
722,Hangin' with the Homeboys,1991,https://en.wikipedia.org/wiki/Doug_E._Doug
723,Rosemary's Baby,1968,https://en.wikipedia.org/wiki/D%27Urville_Martin
724,Scenes for the Soul,1995,https://en.wikipedia.org/wiki/George_Tillman_Jr.
725,Four Religions,1960,https://en.wikipedia.org/wiki/William_Greaves
726,The Brothers,2001,https://en.wikipedia.org/wiki/Tanya_Wright
727,Do the Right Thing,1989,https://en.wikipedia.org/wiki/Martin_Lawrence
728,NAACP Theater Awards,2005,https://en.wikipedia.org/wiki/Henry_E._Taylor_III
729,Shaft,2000,https://en.wikipedia.org/wiki/John_Singleton
730,Communion,2007,https://en.wikipedia.org/wiki/Omowale_Akintunde
731,Have Gun – Will Travel,1961,https://en.wikipedia.org/wiki/Ivan_Dixon
732,WAGS Atlanta,2017,https://en.wikipedia.org/wiki/James_DuBose
733,Black Nativity,2013,https://en.wikipedia.org/wiki/Kasi_Lemmons
734,The Up in Smoke Tour,2000,https://en.wikipedia.org/wiki/Philip_Atwell
735,Something of Value,1957,https://en.wikipedia.org/wiki/Ivan_Dixon
736,The Other Brother,2002,https://en.wikipedia.org/wiki/M._E._Holland
737,Ethnic Notions,1986,https://en.wikipedia.org/wiki/Marlon_Riggs
738,Tongues Untied  1989) (later aired on,V in,https://en.wikipedia.org/wiki/Marlon_Riggs
739,Bustin' Loose,1981,https://en.wikipedia.org/wiki/Oz_Scott
740,Gimme a Break!,1983,https://en.wikipedia.org/wiki/Oz_Scott
741,Promised Land,2009,https://en.wikipedia.org/wiki/Yoruba_Richen
742,"Eminem – ""My Name Is""  1999) (co-directed",Dr.,https://en.wikipedia.org/wiki/Philip_Atwell
743,Dr. Hugo,1996,https://en.wikipedia.org/wiki/Kasi_Lemmons
744,Double Play,2017,https://en.wikipedia.org/wiki/Ernest_Dickerson
745,Reagan,2000,https://en.wikipedia.org/wiki/Roger_Ross_Williams
746,Chinaman's Chance: America's Other Slaves,2008,https://en.wikipedia.org/wiki/Deborah_Pratt
747,"^ Malone, Janice",2010,https://en.wikipedia.org/wiki/Kim_Bass
748,She's Gotta Have It,1986,https://en.wikipedia.org/wiki/Spike_Lee
749,Demons,1985,https://en.wikipedia.org/wiki/Geretta_Geretta
750,"Deantoni co-wrote the music for the song ""Party In My Pants"" with Doron Braunshtein A/K/A Apollo Braun. The song appears in the 2008's film Religulous, directed by Larry Charles.",2008,https://en.wikipedia.org/wiki/Deantoni_Parks
751,For Love and Honor,1983,https://en.wikipedia.org/wiki/Keenen_Ivory_Wayans
752,Boston Black United Front,0000,https://en.wikipedia.org/wiki/Henry_Hampton
753,Save the Last Dance,2001,https://en.wikipedia.org/wiki/Thomas_Carter_(director)
754,Mo' Better Blues,1990,https://en.wikipedia.org/wiki/Doug_E._Doug
755,Don't Be a Menace to South Central While Drinking Your Juice in the Hood,1996,https://en.wikipedia.org/wiki/Ben_Ramsey_(filmmaker)
756,Herbie: Fully Loaded,2005,https://en.wikipedia.org/wiki/Angela_Robinson_(filmmaker)
757,Gidget Meets Hondo,1980,https://en.wikipedia.org/wiki/Ben_Caldwell_(filmmaker)
758,Shooting Stars,2023,https://en.wikipedia.org/wiki/Chris_Robinson_(director)
759,Nothing at All,2014,https://en.wikipedia.org/wiki/Tricia_Woodgett
760,Several Friends,1969,https://en.wikipedia.org/wiki/Charles_Burnett_(director)
761,K-11,2012,https://en.wikipedia.org/wiki/Markus_Redmond
762,Eventual Salvation,2008,https://en.wikipedia.org/wiki/Dee_Rees
763,The Brute,1920,https://en.wikipedia.org/wiki/Oscar_Micheaux
764,Hell Bound Train,1930,https://en.wikipedia.org/wiki/Eloyce_King_Patrick_Gist
765,Garden State,2004,https://en.wikipedia.org/wiki/George_C._Wolfe
766,The Cinematic Jazz of Julie Dash,1992,https://en.wikipedia.org/wiki/Yvonne_Welbon
767,Bless Their Little Hearts,1984,https://en.wikipedia.org/wiki/Charles_Burnett_(director)
768,I Am Somebody,1970,https://en.wikipedia.org/wiki/Madeline_Anderson
769,Young Doctors in Love,1982,https://en.wikipedia.org/wiki/Larry_%22Flash%22_Jenkins
770,"^ ""1 Hands-On Approach to Casting a Horror Film"". Backstage.com. Retrieved 2016-03-29.",2016,https://en.wikipedia.org/wiki/Taylor_Ri%27chard
771,Middle of Nowhere,2012,https://en.wikipedia.org/wiki/Ava_DuVernay
772,Black Seeds: Book II,2022,https://en.wikipedia.org/wiki/Bayer_Mack
773,Shredderman Rules,2007,https://en.wikipedia.org/wiki/Henry_E._Taylor_III
774,Paper Chasers,2003,https://en.wikipedia.org/wiki/Tim_Wilson_(filmmaker)
775,Portraits in Black: Paul Laurence Dunbar: America's First Black Poet,1972,https://en.wikipedia.org/wiki/Carlton_Moss
776,"^ a b ""Cannes Classics 2011 - Festival de Cannes 2016",2011,https://en.wikipedia.org/wiki/Alex_Stapleton
777,School Daze,1988,https://en.wikipedia.org/wiki/Spike_Lee
778,The End Again,2014,https://en.wikipedia.org/wiki/Felicia_Pride
779,Undercover Brother,2002,https://en.wikipedia.org/wiki/Malcolm_D._Lee
780,Yelling to the Sky,2011,https://en.wikipedia.org/wiki/Victoria_Mahoney
781,Cat's Eye,1985,https://en.wikipedia.org/wiki/Charles_S._Dutton
782,Sojourn,1973,https://en.wikipedia.org/wiki/Michelle_Parkerson
783,"^ a b c Jeff Byrd, FilmBug",0000,https://en.wikipedia.org/wiki/Jeffrey_W._Byrd
784,John Lewis: Good Trouble,2020,https://en.wikipedia.org/wiki/Dawn_Porter_(filmmaker)
785,Women of the Movement,2022,https://en.wikipedia.org/wiki/Julie_Dash
786,Teen Wolf,1985,https://en.wikipedia.org/wiki/Richard_Brooks_(actor)
787,All You've Got,2005,https://en.wikipedia.org/wiki/Neema_Barnette
788,Roll Bounce,2005,https://en.wikipedia.org/wiki/Malcolm_D._Lee
789,The Santa Clause 2,2002,https://en.wikipedia.org/wiki/Aisha_Tyler
790,Uncle Tom's Fairy Tales,1969,https://en.wikipedia.org/wiki/Richard_Pryor
791,The Mask,1994,https://en.wikipedia.org/wiki/Kevin_Grevioux
792,Spaceballs,1987,https://en.wikipedia.org/wiki/Tim_Russ
793,All We Know of Heaven,2004,https://en.wikipedia.org/wiki/Seith_Mann
794,Triplecross,1986,https://en.wikipedia.org/wiki/Damon_Wayans
795,The Bronx War,1991,https://en.wikipedia.org/wiki/Joseph_V%C3%A1squez
796,Storme: Lady of the Jewel Box,1991,https://en.wikipedia.org/wiki/Michelle_Parkerson
797,"^ Obituaries in the Performing Arts, 2010, By Harris M. Lentz III - Page 360 Rogers, Ivan",2010,https://en.wikipedia.org/wiki/Ivan_Rogers_(actor)
798,"^ a b c Kahana, Jonathan",2016,https://en.wikipedia.org/wiki/Edward_Lewis_(filmmaker)
799,The Black Press: Soldiers Without Swords,1998,https://en.wikipedia.org/wiki/Stanley_Nelson_Jr.
800,Black Superman,2007,https://en.wikipedia.org/wiki/Omar_Regan
801,Stripteaser,1995,https://en.wikipedia.org/wiki/Ben_Ramsey_(filmmaker)
802,George Washington Carver,1959,https://en.wikipedia.org/wiki/Carlton_Moss
803,Dish Nation,2018,https://en.wikipedia.org/wiki/James_DuBose
804,Baby Boy,2001,https://en.wikipedia.org/wiki/John_Singleton
805,Slam,1998,https://en.wikipedia.org/wiki/Saul_Williams
806,While Black with MK Asante,2019,https://en.wikipedia.org/wiki/M._K._Asante
807,"^ ""How Melina Matsoukas Went From Music-Video Visionary to 'Queen and Slim'"". www.yahoo.com.",0000,https://en.wikipedia.org/wiki/Melina_Matsoukas
808,Recreating Black Women's Media Image,1983,https://en.wikipedia.org/wiki/Zeinabu_irene_Davis
809,Gifted Hands: The Ben Carson Story,2009,https://en.wikipedia.org/wiki/Thomas_Carter_(director)
810,Congo,1995,https://en.wikipedia.org/wiki/Kevin_Grevioux
811,Runaway Island,2015,https://en.wikipedia.org/wiki/Dianne_Houston
812,"In the Absence of Light, documentary.",2021 – Black Art,https://en.wikipedia.org/wiki/Sam_Pollard_(filmmaker)
813,Station 19,0000,https://en.wikipedia.org/wiki/Paris_Barclay
814,Somebody Help Me,2007,https://en.wikipedia.org/wiki/Chris_Stokes_(filmmaker)
815,Purple Rain,1984,https://en.wikipedia.org/wiki/Prince_(musician)
816,M*A*S*H,1979,https://en.wikipedia.org/wiki/Larry_%22Flash%22_Jenkins
817,Cinema of Somalia,0000,https://en.wikipedia.org/wiki/Abdisalam_Aato
818,Moose Mating,2001,https://en.wikipedia.org/wiki/Aisha_Tyler
819,Delivery Boys,1985,https://en.wikipedia.org/wiki/Mario_Van_Peebles
820,Our Kind of People,2021,https://en.wikipedia.org/wiki/Julie_Dash
821,The Earth is Humming,2018,https://en.wikipedia.org/wiki/Garrett_Bradley_(filmmaker)
822,Smithereens,1982,https://en.wikipedia.org/wiki/Geretta_Geretta
823,Last Rites,1988,https://en.wikipedia.org/wiki/Deborah_Pratt
824,413 Hope St. (TV Series),1997,https://en.wikipedia.org/wiki/Damien_Dante_Wayans
825,Private Resort,1985,https://en.wikipedia.org/wiki/George_Bowers_(filmmaker)
826,Fruitvale Station,2013,https://en.wikipedia.org/wiki/Ryan_Coogler
827,"^ Boch, Richard",2017,https://en.wikipedia.org/wiki/Michael_Holman_(filmmaker)
828,Taxi,2004,https://en.wikipedia.org/wiki/Tim_Story
829,"^ ""Playin' For Love"". Black Cinema Connection. 2014-11-05. Retrieved 2018-03-06.",2014,https://en.wikipedia.org/wiki/Robert_Townsend_(actor)
830,The Woodsman,2004,https://en.wikipedia.org/wiki/Lee_Daniels
831,"^ Variety Film Reviews, Volume 21 - -",0000,https://en.wikipedia.org/wiki/Ivan_Rogers_(actor)
832,"Russell directed the 2011 film Snow on tha Bluff, a crime drama in reality style, about a real-life ""thug"" in The Bluff, Atlanta's roughest neighborhood. The film was shown at the 2011 Slamdance Film Festival and at the 2012 Brooklyn Film Festival.[2]",2011,https://en.wikipedia.org/wiki/Damon_Russell
833,Hidden Colors 3,2014,https://en.wikipedia.org/wiki/Tariq_Nasheed
834,The Bold Ones: The Protectors,1969,https://en.wikipedia.org/wiki/Fred_Williamson
835,Vegetable Soup,1976,https://en.wikipedia.org/wiki/George_Bowers_(filmmaker)
836,"White Lies, Black Sheep[30]",2007,https://en.wikipedia.org/wiki/James_Spooner
837,FOX Soul Season 2,2021,https://en.wikipedia.org/wiki/James_DuBose
838,Boomerang,1992,https://en.wikipedia.org/wiki/Martin_Lawrence
839,In the Hour of Chaos,2016,https://en.wikipedia.org/wiki/Bayer_Mack
840,Star 80,1983,https://en.wikipedia.org/wiki/Keenen_Ivory_Wayans
841,Blaze Studios,2012,https://en.wikipedia.org/wiki/Darren_Grant
842,Black and Blue,2007,https://en.wikipedia.org/wiki/Omowale_Akintunde
843,Popa Wu: A 5% Story,2010,https://en.wikipedia.org/wiki/Khalik_Allah
844,In Search of Black Female Sexuality in America,2004 - Telly Award for her documentary Silence,https://en.wikipedia.org/wiki/Mya_Baker
845,Black Panther,2018,https://en.wikipedia.org/wiki/Joe_Robert_Cole
846,Wild Women Don't Have the Blues,1989,https://en.wikipedia.org/wiki/Pearl_Bowser
847,"Released: May 24, 1991[110]",1991,https://en.wikipedia.org/wiki/Chris_Rock
848,Lookin' to Get Out,1982,https://en.wikipedia.org/wiki/Larry_%22Flash%22_Jenkins
849,Dukes of Hazzard,1979,https://en.wikipedia.org/wiki/George_Bowers_(filmmaker)
850,Downtown 81,1981,https://en.wikipedia.org/wiki/Saul_Williams
851,Boomerang,1992,https://en.wikipedia.org/wiki/Reginald_Hudlin
852,Somebody Help Me 2,2010,https://en.wikipedia.org/wiki/Chris_Stokes_(filmmaker)
853,Monsters vs. Aliens: Mutant Pumpkins from Outer Space,2009,https://en.wikipedia.org/wiki/Peter_Ramsey
854,Star Trek II: The Wrath of Khan,1982,https://en.wikipedia.org/wiki/Kevin_Rodney_Sullivan
855,Next Day Air,2009,https://en.wikipedia.org/wiki/Benny_Boom
856,"^ a b c ""Forest Whitaker: The King Of The Oscars?"". CBS News. January 31, 2007. Archived from the original on February 7, 2007.",2007,https://en.wikipedia.org/wiki/Forest_Whitaker
857,Mascots,2016,https://en.wikipedia.org/wiki/Dah%C3%A9li_Hall
858,Father Hood,1993,https://en.wikipedia.org/wiki/Halle_Berry
859,Seacole,2021,https://en.wikipedia.org/wiki/Dianne_Houston
860,Colors,1988,https://en.wikipedia.org/wiki/Damon_Wayans
861,Bulletproof Monk,2003,https://en.wikipedia.org/wiki/Paul_Hunter_(director)
862,Watermelon Man,1970,https://en.wikipedia.org/wiki/D%27Urville_Martin
863,You Got Served,2004,https://en.wikipedia.org/wiki/Chris_Stokes_(filmmaker)
864,"^ Hetrick, Adam",2014,https://en.wikipedia.org/wiki/Charles_Randolph-Wright
865,Lost Ollie,2022,https://en.wikipedia.org/wiki/Peter_Ramsey
866,Insecure,2016-2021,https://en.wikipedia.org/wiki/Prentice_Penny
867,Hallowed Be Thy Name,2020,https://en.wikipedia.org/wiki/Taylor_Ri%27chard
868,3:15,1986,https://en.wikipedia.org/wiki/Rusty_Cundieff
869,American Pimp,1999,https://en.wikipedia.org/wiki/Hughes_brothers
870,"^ Haithman, Diane",1994,https://en.wikipedia.org/wiki/Charles_Randolph-Wright
871,Back to Neverland (Short),1989,https://en.wikipedia.org/wiki/Bruce_W._Smith
872,The Hustle,2008,https://en.wikipedia.org/wiki/Deon_Taylor
873,Star Trek: The Original Series,1969,https://en.wikipedia.org/wiki/Fred_Williamson
874,The Ministers,2009,https://en.wikipedia.org/wiki/Franc_Reyes_(film_director)
875,The Infinity Factory,1978,https://en.wikipedia.org/wiki/Madeline_Anderson
876,Designy Living,1994,https://en.wikipedia.org/wiki/Vaginal_Davis
877,Shaft,1971,https://en.wikipedia.org/wiki/Gordon_Parks
878,The Five Heartbeats,1991,https://en.wikipedia.org/wiki/Roy_Fegan
879,Bunker Hill,2008,https://en.wikipedia.org/wiki/Kevin_Willmott
880,Frederick Douglass: The House on Cedar Hill,1953,https://en.wikipedia.org/wiki/Carlton_Moss
881,Little Woods,2018,https://en.wikipedia.org/wiki/Nia_DaCosta
882,Happy Valentine's Day[1],1980,https://en.wikipedia.org/wiki/Gay_Abel-Bey
883,Lackawanna Blues,2005,https://en.wikipedia.org/wiki/George_C._Wolfe
884,Never Die Alone,2004,https://en.wikipedia.org/wiki/Ernest_Dickerson
885,Affirmations,1990,https://en.wikipedia.org/wiki/Marlon_Riggs
886,Namibia: Independence Now!,1985,https://en.wikipedia.org/wiki/Pearl_Bowser
887,"Succubus: Hell-Bent, 2007 horror film directed by Kim Bass. With Gary Busey, David Keith, Lorenzo Lamas",2007,https://en.wikipedia.org/wiki/Kim_Bass
888,"^ a b ""The Carrier"". www.thecarrierfilm.com. Retrieved 2017-03-04.",2017,https://en.wikipedia.org/wiki/Maggie_Betts
889,Battlefield America,2012,https://en.wikipedia.org/wiki/Chris_Stokes_(filmmaker)
890,"^ Turner, Allan",2011,https://en.wikipedia.org/wiki/Carroll_Parrott_Blue
891,The Pawnbroker,1964,https://en.wikipedia.org/wiki/Raymond_St._Jacques
892,African Booty Scratcher,2007,https://en.wikipedia.org/wiki/Nikyatu_Jusu
893,Schools for A New Society,1993,https://en.wikipedia.org/wiki/Stanley_Nelson_Jr.
894,Beauty,2005,https://en.wikipedia.org/wiki/Franc_Reyes_(film_director)
895,^ a b c d Sergio,2014,https://en.wikipedia.org/wiki/Solomon_Sir_Jones
896,Cats Can't Dance,1945,https://en.wikipedia.org/wiki/William_Forest_Crouch
897,Three Faces of Women,1994,https://en.wikipedia.org/wiki/Vaginal_Davis
898,Welcome to the Fun Zone,1984,https://en.wikipedia.org/wiki/Rusty_Cundieff
899,Blacula,1972,https://en.wikipedia.org/wiki/William_Crain_(filmmaker)
900,Dot,1994,https://en.wikipedia.org/wiki/Vaginal_Davis
901,Candyman,2021,https://en.wikipedia.org/wiki/Jordan_Peele
902,Rise of the Guardians,2012,https://en.wikipedia.org/wiki/Peter_Ramsey
903,Black Genesis: The Art of Tribal Africa,1970,https://en.wikipedia.org/wiki/Carlton_Moss
904,Product & Service/Cosmetics & Beauty - Axe,2010 - Cannes Lion International Festival of Creativity - Bronze Award,https://en.wikipedia.org/wiki/Paul_Hunter_(director)
905,Cycles[14],1989,https://en.wikipedia.org/wiki/Zeinabu_irene_Davis
906,Porgy and Bess,1959,https://en.wikipedia.org/wiki/Ivan_Dixon
907,Billy and Aaron,2010,https://en.wikipedia.org/wiki/Rodney_Evans_(filmmaker)
908,Stop,2015,https://en.wikipedia.org/wiki/Reinaldo_Marcus_Green
909,Pacific Blue,1999,https://en.wikipedia.org/wiki/Jo_D._Jonz
910,"^ Smith, Danyel. ""Her Own Space Melina Matsoukas — Grammy-winning director for Beyoncé and Rihanna — makes her Hollywood feature debut with the kind of story Hollywood has overlooked."", California magazine, November 18, 2019. Accessed July 12, 2022. ""At Hackensack High School in New Jersey, where her family later moved, Matsoukas was into photography and hip-hop.""",2019,https://en.wikipedia.org/wiki/Melina_Matsoukas
911,Tea 4 Two,2006,https://en.wikipedia.org/wiki/Akosua_Adoma_Owusu
912,The First Wives Club,1996,https://en.wikipedia.org/wiki/Billy_Porter_(actor)
913,"^ Hetrick, Adam",2013,https://en.wikipedia.org/wiki/Charles_Randolph-Wright
914,Black Seeds: The History of Africans in America,2021,https://en.wikipedia.org/wiki/Bayer_Mack
915,"^ Barbara McCullough, “About Barbara McCullough,” Facebook page, November 15, 2018, https://www.facebook.com/barbara.mccullough.712/about?lst=100004684388793%3A620003618%3A1542287012&section=education.",2018,https://en.wikipedia.org/wiki/Barbara_McCullough
916,Buck Breaking,2021,https://en.wikipedia.org/wiki/Tariq_Nasheed
917,The Richard Pryor Show,1977,https://en.wikipedia.org/wiki/Tim_Reid
918,"^ O'Connor, John J.",1992,https://en.wikipedia.org/wiki/Topper_Carew
919,"^ Erickson, Hal",2008,https://en.wikipedia.org/wiki/Robert_Townsend_(actor)
920,This Life,1980,https://en.wikipedia.org/wiki/Sidney_Poitier
921,"^ Hirsh, Marc",2010,https://en.wikipedia.org/wiki/Ted_Lange
922,Black Devil Doll From Hell,1984,https://en.wikipedia.org/wiki/Chester_Novell_Turner
923,NYPD Blue,0000,https://en.wikipedia.org/wiki/Paris_Barclay
924,Freddy's Nightmares,1990,https://en.wikipedia.org/wiki/Anita_W._Addison
925,Grey's Anatomy,2020–2022,https://en.wikipedia.org/wiki/Felicia_Pride
926,Code Blue,0000,https://en.wikipedia.org/wiki/Henry_Hampton
927,Igbo Kwenu!,2009,https://en.wikipedia.org/wiki/Chinonye_Chukwu
928,v,0000,https://en.wikipedia.org/wiki/Jeffrey_W._Byrd
929,Eleven P.M.,1928,https://en.wikipedia.org/wiki/Richard_D._Maurice
930,House Party 4,2001,https://en.wikipedia.org/wiki/Chris_Stokes_(filmmaker)
931,Black Like Me,1964,https://en.wikipedia.org/wiki/Raymond_St._Jacques
932,"1 episode of 1MMs: ""Severance Pay""",2003,https://en.wikipedia.org/wiki/Philip_Atwell
933,Colored Champions of Sports,0000,https://en.wikipedia.org/wiki/Edward_Lewis_(filmmaker)
934,School Daze,1988,https://en.wikipedia.org/wiki/Rusty_Cundieff
935,Exchange,2016,https://en.wikipedia.org/wiki/Dah%C3%A9li_Hall
936,Queen Sugar,2017,https://en.wikipedia.org/wiki/Julie_Dash
937,Fantastic Four,2005,https://en.wikipedia.org/wiki/Tim_Story
938,Love & Other Four Letter Words,2007,https://en.wikipedia.org/wiki/M._E._Holland
939,"^ ""Entertainment, Movie & TV News - Moviefone.com"". Moviefone.",0000,https://en.wikipedia.org/wiki/David_E._Talbert
940,Hollywood Shuffle,1987,https://en.wikipedia.org/wiki/Roy_Fegan
941,"^ ""Terror on Tape: An Interdisciplinary Symposium on the History of Horror on Video"". Yale University Library. April 21, 2016. Retrieved 2016-08-16.",2016,https://en.wikipedia.org/wiki/Chester_Novell_Turner
942,Murder Rock,1984,https://en.wikipedia.org/wiki/Geretta_Geretta
943,Moonlight,2016,https://en.wikipedia.org/wiki/Barry_Jenkins
944,Street Hitz,1992,https://en.wikipedia.org/wiki/Joseph_V%C3%A1squez
945,"For Colored Girls Who Have Considered Suicide / When the Rainbow Is Enuf, Ntozake Shange playwright",1976,https://en.wikipedia.org/wiki/Seret_Scott
946,Don't Be a Menace to South Central While Drinking Your Juice in the Hood,1996,https://en.wikipedia.org/wiki/Damien_Dante_Wayans
947,"^ ""UNC Re-Elects Board of Governors"". The News and OBserver. June 12, 2010. p. B2. Retrieved February 7, 2022 – via Newspapers.com.",2010,https://en.wikipedia.org/wiki/Scott_Sanders_(director)
948,Friday,1995,https://en.wikipedia.org/wiki/Terri_J._Vaughn
949,"""My Love""",2007 - MVPA Awards - Best Direction of a Male Artist - Justin Timberlake,https://en.wikipedia.org/wiki/Paul_Hunter_(director)
950,Shakedown,1988,https://en.wikipedia.org/wiki/Vondie_Curtis-Hall
951,Barbershop,2002,https://en.wikipedia.org/wiki/Tim_Story
952,The Symbol of the Unconquered,1920,https://en.wikipedia.org/wiki/Oscar_Micheaux
953,"^ a b c Kelley, Robin D. G.",2018,https://en.wikipedia.org/wiki/Boots_Riley
954,Notorious,2009,https://en.wikipedia.org/wiki/George_Tillman_Jr.
955,One Flight Stand,2003,https://en.wikipedia.org/wiki/Aisha_Tyler
956,The Toxic Avenger Part II,1989,https://en.wikipedia.org/wiki/Michael_Jai_White
957,With Intent to Kill,1984,https://en.wikipedia.org/wiki/Richard_Brooks_(actor)
958,Rhoda,1976,https://en.wikipedia.org/wiki/Tim_Reid
959,Linewatch,2008,https://en.wikipedia.org/wiki/Kevin_Bray_(director)
960,My Girlfriend's Back,2010,https://en.wikipedia.org/wiki/M._E._Holland
961,"^ Foster, Gwendolyn Audrey",1995,https://en.wikipedia.org/wiki/Barbara_McCullough
962,Kings,1998,https://en.wikipedia.org/wiki/Jo_D._Jonz
963,"^ a b ""Taylor Ri'chard"". IMDb. Retrieved 2016-03-29.",2016,https://en.wikipedia.org/wiki/Taylor_Ri%27chard
964,t,0000,https://en.wikipedia.org/wiki/Jeffrey_W._Byrd
965,From Hell,2001,https://en.wikipedia.org/wiki/Hughes_brothers
966,Rats: Night of Terror,1984,https://en.wikipedia.org/wiki/Geretta_Geretta
967,Finding Christa,1991,https://en.wikipedia.org/wiki/Camille_Billops
968,Ajube Kete,2005,https://en.wikipedia.org/wiki/Akosua_Adoma_Owusu
969,500 Years Later,2005,https://en.wikipedia.org/wiki/M._K._Asante
970,BlacKkKlansman,2018,https://en.wikipedia.org/wiki/Matthew_A._Cherry
971,High Maintenance,2018,https://en.wikipedia.org/wiki/Adam_Davenport
972,Friday,1995,https://en.wikipedia.org/wiki/F._Gary_Gray
973,Doretha's Blues[12],2021,https://en.wikipedia.org/wiki/Channing_Godfrey_Peoples
974,"^ Weber, Bruce",2013,https://en.wikipedia.org/wiki/Bill_Miles
975,Bait,2000,https://en.wikipedia.org/wiki/Antoine_Fuqua
976,The Mandalorian,2023,https://en.wikipedia.org/wiki/Peter_Ramsey
977,I'm Gonna Git You Sucka,1988,https://en.wikipedia.org/wiki/Keenen_Ivory_Wayans
978,Close to Danger,0000,https://en.wikipedia.org/wiki/Neema_Barnette
979,"^ ""Dissonance Dance Theatre: Company Auditions"". The International Association of Blacks in Dance. 2018. [Event information: 2018 auditions].",2018,https://en.wikipedia.org/wiki/Shawn_Short
980,Die Hard 2,1990,https://en.wikipedia.org/wiki/Vondie_Curtis-Hall
981,"^ Brooks, Tim; Marsh, Earle",2003,https://en.wikipedia.org/wiki/Kim_Bass
982,"^ a b c d e f Thomas, Bob",1971,https://en.wikipedia.org/wiki/Horace_Jackson_(filmmaker)
983,Unprisoned,2023,https://en.wikipedia.org/wiki/Kevin_Bray_(director)
984,Herkimer DuFrayne 7th Grade Guidance Counselor,2010,https://en.wikipedia.org/wiki/Shaka_King
985,Nope,2022,https://en.wikipedia.org/wiki/Jordan_Peele
986,All Rise,2019,https://en.wikipedia.org/wiki/Anthony_Hemingway
987,To Sleep with Anger,1990,https://en.wikipedia.org/wiki/Charles_Burnett_(director)
988,Jungle Fever,1991,https://en.wikipedia.org/wiki/Spike_Lee
989,Exit to Eden,1994,https://en.wikipedia.org/wiki/Deborah_Pratt
990,Ice Fishing,1999,https://en.wikipedia.org/wiki/Angela_Robinson_(filmmaker)
991,Eddie Murphy Raw,1987,https://en.wikipedia.org/wiki/Damien_Dante_Wayans
992,"^ ""Townsend, Robert",1957,https://en.wikipedia.org/wiki/Robert_Townsend_(actor)
993,"^ a b ""Shawn Short extended visual resume by Ngoma Center for Dance - Issuu"". issuu.com.",0000,https://en.wikipedia.org/wiki/Shawn_Short
994,Butterfly Rising,2011,https://en.wikipedia.org/wiki/Tanya_Wright
995,Mister Moses,1965,https://en.wikipedia.org/wiki/Raymond_St._Jacques
996,I Am A Man: Black Masculinity in America,0000,https://en.wikipedia.org/wiki/Byron_Hurt
997,Diary of a Mad Black Woman,2005,https://en.wikipedia.org/wiki/Darren_Grant
998,Below Dreams,2014,https://en.wikipedia.org/wiki/Garrett_Bradley_(filmmaker)
999,"^ a b Nickson, Chris",1996,https://en.wikipedia.org/wiki/Denzel_Washington
1000,The Outsider,1969,https://en.wikipedia.org/wiki/Fred_Williamson
1001,Gidget Meets Hondo,1980,https://en.wikipedia.org/wiki/Melvonna_Ballenger
1002,Stone Cars,2014,https://en.wikipedia.org/wiki/Reinaldo_Marcus_Green
1003,The Book of Eli,2010,https://en.wikipedia.org/wiki/Hughes_brothers
1004,Friday,1995,https://en.wikipedia.org/wiki/Regina_King
1005,Tomorrow's Promise,1967,https://en.wikipedia.org/wiki/Edward_Owens_(filmmaker)
1006,Manhattan Merengue!,1995,https://en.wikipedia.org/wiki/Joseph_V%C3%A1squez
1007,"In 2005 Russell produced two episodes of Made, a series on MTV.",2005,https://en.wikipedia.org/wiki/Damon_Russell
1008,Higher Learning,1995,https://en.wikipedia.org/wiki/Regina_King
1009,The Bus is Coming,1972,https://en.wikipedia.org/wiki/Horace_Jackson_(filmmaker)
1010,Out in the Night,2014,https://en.wikipedia.org/wiki/Yoruba_Richen
1011,The Ladies Man,2000,https://en.wikipedia.org/wiki/Reginald_Hudlin
1012,Do You Mind,2008,https://en.wikipedia.org/wiki/M._Asli_Dukan
1013,Sons of Anarchy,0000,https://en.wikipedia.org/wiki/Paris_Barclay
1014,Black Economic Power: Reality or Fantasy,1977,https://en.wikipedia.org/wiki/Jessie_Maple
1015,^ MUBI Special: Edward Owens: Promise & Remembrance|MUBI,0000,https://en.wikipedia.org/wiki/Edward_Owens_(filmmaker)
1016,"^ a b Schneider, H. Rose",2022,https://en.wikipedia.org/wiki/Kim_Bass
1017,My Tutor,1983,https://en.wikipedia.org/wiki/George_Bowers_(filmmaker)
1018,Sidney Poitier Black and White: Sidney Poitier's Emergence in the 1960s as a Black Icon,1960,https://en.wikipedia.org/wiki/Sidney_Poitier
1019,Elephant Parts,1981,https://en.wikipedia.org/wiki/Deborah_Pratt
1020,House Party,1990,https://en.wikipedia.org/wiki/Martin_Lawrence
1021,South Africa Uncensored[1],1952,https://en.wikipedia.org/wiki/Hortense_%22Tee%22_Beveridge
1022,The Gunsaulus Mystery,1921,https://en.wikipedia.org/wiki/Oscar_Micheaux
1023,"2011- Camera d'Or Award Nominee, Corman's",orld,https://en.wikipedia.org/wiki/Alex_Stapleton
1024,More American Graffiti,1979,https://en.wikipedia.org/wiki/Kevin_Rodney_Sullivan
1025,The Accidental Ruler[2],0000,https://en.wikipedia.org/wiki/Peter_P._Jones
1026,Beats,2019,https://en.wikipedia.org/wiki/Chris_Robinson_(director)
1027,"Brothers, Kathleen Collins playwright",1982,https://en.wikipedia.org/wiki/Seret_Scott
1028,The Game,2012–2014,https://en.wikipedia.org/wiki/Bille_Woodruff
1029,Black Dynamite,2009,https://en.wikipedia.org/wiki/Scott_Sanders_(director)
1030,Eddie Presley,1992,https://en.wikipedia.org/wiki/Rusty_Cundieff
1031,Pariah,2011,https://en.wikipedia.org/wiki/Dee_Rees
1032,The 10th Date,2017,https://en.wikipedia.org/wiki/Dah%C3%A9li_Hall
1033,Life in Harlem,1938,https://en.wikipedia.org/wiki/Edward_Lewis_(filmmaker)
1034,Brother John,1971,https://en.wikipedia.org/wiki/William_Crain_(filmmaker)
1035,"Released: April 8, 1997",1997,https://en.wikipedia.org/wiki/Chris_Rock
1036,Shadowboxer,2005,https://en.wikipedia.org/wiki/Lee_Daniels
1037,Marcus Garvey: Look For Me in the Whirlwind,2000,https://en.wikipedia.org/wiki/Stanley_Nelson_Jr.
1038,The Comedians,1967,https://en.wikipedia.org/wiki/Raymond_St._Jacques
1039,Older Women and Love,1987,https://en.wikipedia.org/wiki/Camille_Billops
1040,^ Chris Lee,2007,https://en.wikipedia.org/wiki/David_E._Talbert
1041,Moving Memories: The Black Senior Video Yearbook,0000,https://en.wikipedia.org/wiki/Byron_Hurt
1042,Monster's Ball,2001,https://en.wikipedia.org/wiki/Lee_Daniels
1043,Vanilla Sex,1992,https://en.wikipedia.org/wiki/Cheryl_Dunye
1044,Emergency Ward,1959,https://en.wikipedia.org/wiki/William_Greaves
1045,Freedom Bags,1990,https://en.wikipedia.org/wiki/Stanley_Nelson_Jr.
1046,Commando,1985,https://en.wikipedia.org/wiki/Bill_Duke
1047,All About the Benjamins,2002,https://en.wikipedia.org/wiki/Kevin_Bray_(director)
1048,Never Die Alone,2004,https://en.wikipedia.org/wiki/Aisha_Tyler
1049,"In 2007, Deantoni played drums for a WORLD'S END music video titled ""Sialagogue"" [14] featuring Japanese super model Rila Fukushima, directed by Bruno Levy, a New York-based artist known for his video scratching. Bruno, considered a pioneer in the VJ space,[15] and his current project partner, Blake Shaw, have formed SWEATSHOPPE,[2] together with Deantoni they are developing large-scale event proposals that will be marketed by his audio/visual communications agency under the WORLD'S END event series.",2007,https://en.wikipedia.org/wiki/Deantoni_Parks
1050,Fight Club,1999,https://en.wikipedia.org/wiki/Markus_Redmond
1051,Celeste,2014,https://en.wikipedia.org/wiki/Nia_DaCosta
1052,Really Love,2020,https://en.wikipedia.org/wiki/Felicia_Pride
1053,"^ ""Danny Lebern Glover, Born 07/22/1946 in California | CaliforniaBirthIndex.org"". www.californiabirthindex.org. Retrieved January 17, 2022.",1946,https://en.wikipedia.org/wiki/Danny_Glover
1054,Uncle Tom's Cabin,1987,https://en.wikipedia.org/wiki/Troy_Byer
1055,"^ ""'Novitiate' Director Maggie Betts Signs With CAA",2017,https://en.wikipedia.org/wiki/Maggie_Betts
1056,Where to Find God on Sunday,2000,https://en.wikipedia.org/wiki/Seith_Mann
1057,Diary of a Mad Black Woman,2005,https://en.wikipedia.org/wiki/Tyler_Perry
1058,Dear White People,2014,https://en.wikipedia.org/wiki/Justin_Simien
1059,The Storyteller,2016,https://en.wikipedia.org/wiki/Tricia_Woodgett
1060,"Weep Not for Me, Gus Edwards playwright",1981,https://en.wikipedia.org/wiki/Seret_Scott
1061,No,Caged Heat 3000,https://en.wikipedia.org/wiki/Ben_Ramsey_(filmmaker)
1062,PAUSE with Sam Jay,2021,https://en.wikipedia.org/wiki/Prentice_Penny
1063,"Nominated, ""Best Director""",0000,https://en.wikipedia.org/wiki/Kent_Faulcon
1064,Sweet Sweetback's Baadasssss Song,1971,https://en.wikipedia.org/wiki/Mario_Van_Peebles
1065,"Format: CD, cassette, LP",0000,https://en.wikipedia.org/wiki/Chris_Rock
1066,"To Be Young, Gifted, and Black",1972,https://en.wikipedia.org/wiki/Michael_Schultz
1067,Revealing Roots,2008,https://en.wikipedia.org/wiki/Akosua_Adoma_Owusu
1068,"^ Campopiano, John",2016,https://en.wikipedia.org/wiki/Chester_Novell_Turner
1069,I'll Make Me a World,1999,https://en.wikipedia.org/wiki/Saul_Williams
1070,"Award of Excellence, Communications Excellence to Black Audiences",0000,https://en.wikipedia.org/wiki/Bill_Miles
1071,Queen Sugar,2019; 2021,https://en.wikipedia.org/wiki/Felicia_Pride
1072,Benny's Place,1982,https://en.wikipedia.org/wiki/Michael_Schultz
1073,"^ ""Forest Whitaker Biography",1961,https://en.wikipedia.org/wiki/Forest_Whitaker
1074,"^ Longmire, Becca",2020,https://en.wikipedia.org/wiki/Denzel_Washington
1075,Red Tails,2012,https://en.wikipedia.org/wiki/John_Ridley
1076,Sweet Bird of Youth[3],1987,https://en.wikipedia.org/wiki/Zeinabu_irene_Davis
1077,Black Rain,1989,https://en.wikipedia.org/wiki/Vondie_Curtis-Hall
1078,Pinocchio and the Emperor of the Night,1987,https://en.wikipedia.org/wiki/Bruce_W._Smith
1079,Better Off Dead,0000,https://en.wikipedia.org/wiki/Neema_Barnette
1080,Eva's Man,1976,https://en.wikipedia.org/wiki/Anita_W._Addison
1081,Crossroads,2014,https://en.wikipedia.org/wiki/Omar_Regan
1082,Charm City Kings,2020,https://en.wikipedia.org/wiki/Barry_Jenkins
1083,"^ a b Bernstein, Jacob",2014,https://en.wikipedia.org/wiki/Maggie_Betts
1084,Lila & Eve,2015,https://en.wikipedia.org/wiki/Charles_Stone_III
1085,Exterminator 2,1984,https://en.wikipedia.org/wiki/Mario_Van_Peebles
1086,IWOW: I Walk On Water,2020,https://en.wikipedia.org/wiki/Khalik_Allah
1087,"^ a b Pietschmann, Patti",1981,https://en.wikipedia.org/wiki/Ted_Lange
1088,Five on the Black Hand Side,1973,https://en.wikipedia.org/wiki/Carl_Franklin
1089,No Mercy,1988,https://en.wikipedia.org/wiki/Charles_S._Dutton
1090,"^ ""Film Review: They All Must Die!",1998,https://en.wikipedia.org/wiki/Sean_Weathers
1091,"Maple, Jessie; Butler, Danielle E.",2019,https://en.wikipedia.org/wiki/Jessie_Maple
1092,"2 episodes of The Shield: ""Trophy""  2006) and ""String Theory""",2005,https://en.wikipedia.org/wiki/Philip_Atwell
1093,Cover Me,2015,https://en.wikipedia.org/wiki/Garrett_Bradley_(filmmaker)
1094,Suicide by Sunlight,2019,https://en.wikipedia.org/wiki/Nikyatu_Jusu
1095,"^ a b ""Fathia Absie"". ECHO. Retrieved 30 June 2014.",2014,https://en.wikipedia.org/wiki/Fathia_Absie
1096,Jerry Maguire,1996,https://en.wikipedia.org/wiki/Regina_King
1097,Flowers,2015,https://en.wikipedia.org/wiki/Nikyatu_Jusu
1098,Official website,0000,https://en.wikipedia.org/wiki/David_E._Talbert
1099,"^ a b Klotman, Phyllis Rauch; Cutler, Janet K.; Press, Indiana University",1999,https://en.wikipedia.org/wiki/Edward_Lewis_(filmmaker)
1100,"^ a b c ""Birth date and residence search results for Colin Anthony",2019,https://en.wikipedia.org/wiki/Topper_Carew
1101,In Silent Spaces,2007,https://en.wikipedia.org/wiki/Safiya_Songhai
1102,"Just Another Girl on the I.R.T, Writer, Director, Producer 1992 Miramax Films",1992,https://en.wikipedia.org/wiki/Leslie_Harris_(director)
1103,Cool Runnings,1993,https://en.wikipedia.org/wiki/Doug_E._Doug
1104,King of the Korner,2000,https://en.wikipedia.org/wiki/Saul_Williams
1105,American Soul - 2020,2020,https://en.wikipedia.org/wiki/Crystle_Roberson
1106,Mister Buddwing,1966,https://en.wikipedia.org/wiki/Raymond_St._Jacques
1107,The Slacker[2],0000,https://en.wikipedia.org/wiki/Peter_P._Jones
1108,"^ a b Boehm, Wolfgang, Dafna Kaufman, and Jazmine Hudson. ""Barbara McCullough: Materials on the Film, Filmmaker, and Artistic Context."" Liquid Blackness. October 24, 2017. Accessed November 15, 2018. http://liquidblackness.com/barbara-mccullough-blog-posts/.",2017,https://en.wikipedia.org/wiki/Barbara_McCullough
1109,Life Beyond Measure: Letters to My Great-Granddaughter,2008,https://en.wikipedia.org/wiki/Sidney_Poitier
1110,"In 2012, Russell produced the Oscar-winning short film Curfew.",2012,https://en.wikipedia.org/wiki/Damon_Russell
1111,Lady Bouncer,2017,https://en.wikipedia.org/wiki/Pete_Chatmon
1112,Who Framed Roger Rabbit,1988,https://en.wikipedia.org/wiki/Bruce_W._Smith
1113,The Negro Soldier,1943,https://en.wikipedia.org/wiki/Carlton_Moss
1114,Gideon's Army,2013,https://en.wikipedia.org/wiki/Dawn_Porter_(filmmaker)
